NTD ID,Agency Name,Reporter Type,Reporting Module,Mode,TOS,Major Failures,Other Failures,Total Failures
1,King County Department of Metro Transit,Full Reporter,Urban,DR,PT,97,15,112
1,King County Department of Metro Transit,Full Reporter,Urban,FB,DO,6,1,7
1,King County Department of Metro Transit,Full Reporter,Urban,MB,DO,7252,8301,15553
1,King County Department of Metro Transit,Full Reporter,Urban,MB,PT,28,62,90
1,King County Department of Metro Transit,Full Reporter,Urban,SR,DO,15,18,33
1,King County Department of Metro Transit,Full Reporter,Urban,TB,DO,1330,1418,2748
1,King County Department of Metro Transit,Full Reporter,Urban,VP,DO,25,0,25
2,Spokane Transit Authority,Full Reporter,Urban,DR,DO,20,2,22
2,Spokane Transit Authority,Full Reporter,Urban,DR,PT,257,35,292
2,Spokane Transit Authority,Full Reporter,Urban,MB,DO,767,253,1020
2,Spokane Transit Authority,Full Reporter,Urban,VP,DO,0,0,0
3,Pierce County Transportation Benefit Area Authority,Full Reporter,Urban,DR,DO,6,13,19
3,Pierce County Transportation Benefit Area Authority,Full Reporter,Urban,DR,PT,21,54,75
3,Pierce County Transportation Benefit Area Authority,Full Reporter,Urban,MB,DO,447,327,774
3,Pierce County Transportation Benefit Area Authority,Full Reporter,Urban,VP,DO,11,0,11
5,City of Everett,Full Reporter,Urban,DR,DO,36,16,52
5,City of Everett,Full Reporter,Urban,MB,DO,135,37,172
6,City of Yakima,Full Reporter,Urban,CB,PT,2,4,6
6,City of Yakima,Full Reporter,Urban,DR,PT,73,79,152
6,City of Yakima,Full Reporter,Urban,MB,DO,43,136,179
6,City of Yakima,Full Reporter,Urban,VP,DO,16,11,27
7,Lane Transit District,Full Reporter,Urban,DR,PT,6,7,13
7,Lane Transit District,Full Reporter,Urban,MB,DO,290,189,479
7,Lane Transit District,Full Reporter,Urban,MB,PT,8,9,17
7,Lane Transit District,Full Reporter,Urban,RB,DO,173,132,305
7,Lane Transit District,Full Reporter,Urban,VP,PT,0,0,0
8,Tri-County Metropolitan Transportation District of Oregon,Full Reporter,Urban,DR,PT,130,1235,1365
8,Tri-County Metropolitan Transportation District of Oregon,Full Reporter,Urban,LR,DO,278,28,306
8,Tri-County Metropolitan Transportation District of Oregon,Full Reporter,Urban,MB,DO,685,3256,3941
8,Tri-County Metropolitan Transportation District of Oregon,Full Reporter,Urban,YR,PT,2,0,2
11,Valley Regional Transit,Full Reporter,Urban,DR,PT,13,2,15
11,Valley Regional Transit,Full Reporter,Urban,MB,PT,61,4,65
12,Municipality of Anchorage,Full Reporter,Urban,DR,PT,10,8,18
12,Municipality of Anchorage,Full Reporter,Urban,MB,DO,203,511,714
12,Municipality of Anchorage,Full Reporter,Urban,MB,PT,15,26,41
12,Municipality of Anchorage,Full Reporter,Urban,VP,PT,0,0,0
16,RiverCities Transit,Full Reporter,Urban,DR,PT,11,11,22
16,RiverCities Transit,Full Reporter,Urban,MB,DO,18,9,27
18,Ben Franklin Transit,Full Reporter,Urban,DR,DO,89,62,151
18,Ben Franklin Transit,Full Reporter,Urban,DR,PT,4,5,9
18,Ben Franklin Transit,Full Reporter,Urban,MB,DO,153,39,192
18,Ben Franklin Transit,Full Reporter,Urban,VP,DO,8,6,14
19,Intercity Transit,Full Reporter,Urban,CB,DO,7,13,20
19,Intercity Transit,Full Reporter,Urban,DR,DO,9,15,24
19,Intercity Transit,Full Reporter,Urban,MB,DO,39,71,110
19,Intercity Transit,Full Reporter,Urban,VP,DO,4,10,14
20,Kitsap Transit,Full Reporter,Urban,DR,DO,8,7,15
20,Kitsap Transit,Full Reporter,Urban,FB,DO,4,3,7
20,Kitsap Transit,Full Reporter,Urban,FB,PT,4,4,8
20,Kitsap Transit,Full Reporter,Urban,MB,DO,25,24,49
20,Kitsap Transit,Full Reporter,Urban,VP,DO,1,5,6
21,Whatcom Transportation Authority,Full Reporter,Urban,DR,DO,26,0,26
21,Whatcom Transportation Authority,Full Reporter,Urban,MB,DO,161,15,176
21,Whatcom Transportation Authority,Full Reporter,Urban,VP,DO,1,0,1
23,City of Seattle,Full Reporter,Urban,MG,PT,17,3,20
24,Clark County Public Transportation Benefit Area Authority,Full Reporter,Urban,DR,DO,42,11,53
24,Clark County Public Transportation Benefit Area Authority,Full Reporter,Urban,MB,DO,303,98,401
24,Clark County Public Transportation Benefit Area Authority,Full Reporter,Urban,VP,DO,26,0,26
25,Salem Area Mass Transit District,Full Reporter,Urban,DR,PT,30,18,48
25,Salem Area Mass Transit District,Full Reporter,Urban,MB,DO,236,50,286
25,Salem Area Mass Transit District,Full Reporter,Urban,VP,PT,0,0,0
28,County of Pierce,Full Reporter,Urban,FB,PT,18,0,18
29,Snohomish County Public Transportation Benefit Area Corporation,Full Reporter,Urban,CB,DO,43,40,83
29,Snohomish County Public Transportation Benefit Area Corporation,Full Reporter,Urban,CB,PT,96,35,131
29,Snohomish County Public Transportation Benefit Area Corporation,Full Reporter,Urban,DR,PT,57,114,171
29,Snohomish County Public Transportation Benefit Area Corporation,Full Reporter,Urban,MB,DO,467,581,1048
29,Snohomish County Public Transportation Benefit Area Corporation,Full Reporter,Urban,VP,DO,5,0,5
34,Rogue Valley Transportation District,Full Reporter,Urban,DR,PT,7,9,16
34,Rogue Valley Transportation District,Full Reporter,Urban,MB,DO,150,35,185
35,Washington State Ferries,Full Reporter,Urban,FB,DO,41,2,43
40,Central Puget Sound Regional Transit Authority,Full Reporter,Urban,CB,DO,1178,620,1798
40,Central Puget Sound Regional Transit Authority,Full Reporter,Urban,CB,PT,252,152,404
40,Central Puget Sound Regional Transit Authority,Full Reporter,Urban,CR,PT,24,0,24
40,Central Puget Sound Regional Transit Authority,Full Reporter,Urban,LR,DO,105,289,394
40,Central Puget Sound Regional Transit Authority,Full Reporter,Urban,SR,DO,4,16,20
41,Alaska Railroad Corporation,Full Reporter,Urban,AR,DO,1,0,1
43,Link Transit,Full Reporter,Urban,DR,DO,6,2,8
43,Link Transit,Full Reporter,Urban,DR,PT,1,2,3
43,Link Transit,Full Reporter,Urban,MB,DO,141,46,187
44,Skagit Transit,Full Reporter,Urban,CB,DO,5,5,10
44,Skagit Transit,Full Reporter,Urban,DR,DO,6,13,19
44,Skagit Transit,Full Reporter,Urban,MB,DO,14,19,33
44,Skagit Transit,Full Reporter,Urban,VP,DO,1,6,7
46,City of Wilsonville,Full Reporter,Urban,DR,DO,1,5,6
46,City of Wilsonville,Full Reporter,Urban,MB,DO,12,13,25
57,Central Oregon Intergovernmental Council,Full Reporter,Urban,CB,DO,2,3,5
57,Central Oregon Intergovernmental Council,Full Reporter,Urban,DR,DO,4,1,5
57,Central Oregon Intergovernmental Council,Full Reporter,Urban,DR,PT,3,5,8
57,Central Oregon Intergovernmental Council,Full Reporter,Urban,MB,DO,0,1,1
57,Central Oregon Intergovernmental Council,Full Reporter,Urban,MB,PT,15,16,31
58,City of Portland,Full Reporter,Urban,SR,PT,79,97,176
58,City of Portland,Full Reporter,Urban,TR,PT,0,2,2
376,"Ride Connection, Inc.",Full Reporter,Urban,DR,DO,12,22,34
376,"Ride Connection, Inc.",Full Reporter,Urban,MB,DO,11,16,27
415,Ada County Highway District,Full Reporter,Urban,VP,DO,77,0,77
10001,Rhode Island Public Transit Authority,Full Reporter,Urban,DR,DO,86,89,175
10001,Rhode Island Public Transit Authority,Full Reporter,Urban,MB,DO,522,1443,1965
10001,Rhode Island Public Transit Authority,Full Reporter,Urban,VP,PT,0,0,0
10003,Massachusetts Bay Transportation Authority,Full Reporter,Urban,CR,PT,279,38,317
10003,Massachusetts Bay Transportation Authority,Full Reporter,Urban,DR,PT,254,904,1158
10003,Massachusetts Bay Transportation Authority,Full Reporter,Urban,FB,PT,12,0,12
10003,Massachusetts Bay Transportation Authority,Full Reporter,Urban,HR,DO,592,37,629
10003,Massachusetts Bay Transportation Authority,Full Reporter,Urban,LR,DO,845,61,906
10003,Massachusetts Bay Transportation Authority,Full Reporter,Urban,MB,DO,896,541,1437
10003,Massachusetts Bay Transportation Authority,Full Reporter,Urban,MB,PT,10,10,20
10003,Massachusetts Bay Transportation Authority,Full Reporter,Urban,RB,DO,54,15,69
10003,Massachusetts Bay Transportation Authority,Full Reporter,Urban,TB,DO,25,29,54
10004,Brockton Area Transit Authority,Full Reporter,Urban,DR,PT,15,55,70
10004,Brockton Area Transit Authority,Full Reporter,Urban,MB,PT,50,315,365
10005,Lowell Regional Transit Authority,Full Reporter,Urban,DR,DO,2,6,8
10005,Lowell Regional Transit Authority,Full Reporter,Urban,DR,PT,3,4,7
10005,Lowell Regional Transit Authority,Full Reporter,Urban,MB,PT,36,0,36
10006,Southeastern Regional Transit Authority,Full Reporter,Urban,DR,PT,2,6,8
10006,Southeastern Regional Transit Authority,Full Reporter,Urban,MB,PT,36,176,212
10007,Berkshire Regional Transit Authority,Full Reporter,Urban,DR,PT,0,0,0
10007,Berkshire Regional Transit Authority,Full Reporter,Urban,MB,PT,10,13,23
10008,Pioneer Valley Transit Authority,Full Reporter,Urban,DR,PT,28,59,87
10008,Pioneer Valley Transit Authority,Full Reporter,Urban,MB,PT,1012,481,1493
10013,Merrimack Valley Regional Transit Authority,Full Reporter,Urban,CB,PT,1,5,6
10013,Merrimack Valley Regional Transit Authority,Full Reporter,Urban,DR,PT,13,1,14
10013,Merrimack Valley Regional Transit Authority,Full Reporter,Urban,MB,PT,59,2,61
10014,Worcester Regional Transit Authority,Full Reporter,Urban,DR,DO,6,20,26
10014,Worcester Regional Transit Authority,Full Reporter,Urban,DR,PT,1,22,23
10014,Worcester Regional Transit Authority,Full Reporter,Urban,MB,DO,240,1196,1436
10016,Greater Portland Transit District,Full Reporter,Urban,MB,DO,71,322,393
10017,Greater Hartford Transit District,Full Reporter,Urban,DR,PT,30,2736,2766
10040,Southeast Area Transit District,Full Reporter,Urban,DR,PT,0,2,2
10040,Southeast Area Transit District,Full Reporter,Urban,MB,DO,223,611,834
10042,Valley Transit District,Full Reporter,Urban,DR,DO,8,6,14
10045,Connecticut Department of Transportation - CTTransit New Britain -Dattco.,Full Reporter,Urban,CB,PT,54,18,72
10045,Connecticut Department of Transportation - CTTransit New Britain -Dattco.,Full Reporter,Urban,MB,PT,9,12,21
10048,Connecticut Department of Transportation - CTTRANSIT - Hartford Division,Full Reporter,Urban,MB,DO,520,3838,4358
10048,Connecticut Department of Transportation - CTTRANSIT - Hartford Division,Full Reporter,Urban,RB,DO,12,62,74
10049,Greater New Haven Transit District,Full Reporter,Urban,DR,DO,108,711,819
10050,Greater Bridgeport Transit Authority,Full Reporter,Urban,DR,PT,32,2,34
10050,Greater Bridgeport Transit Authority,Full Reporter,Urban,MB,DO,248,154,402
10051,Housatonic Area Regional Transit ,Full Reporter,Urban,DR,DO,13,7,20
10051,Housatonic Area Regional Transit ,Full Reporter,Urban,MB,DO,14,29,43
10053,Cape Ann Transportation Authority,Full Reporter,Urban,DR,PT,1,2,3
10053,Cape Ann Transportation Authority,Full Reporter,Urban,MB,PT,8,0,8
10055,Connecticut Department of Transportation - CTTRANSIT New Haven Division,Full Reporter,Urban,MB,DO,112,1565,1677
10056,Connecticut Department of Transportation - CTTRANSIT Stamford Division,Full Reporter,Urban,MB,DO,64,720,784
10057,Norwalk Transit District,Full Reporter,Urban,DR,DO,4,13,17
10057,Norwalk Transit District,Full Reporter,Urban,DR,PT,3,13,16
10057,Norwalk Transit District,Full Reporter,Urban,MB,DO,51,219,270
10061,Montachusett Regional Transit Authority,Full Reporter,Urban,DR,PT,24,14,38
10061,Montachusett Regional Transit Authority,Full Reporter,Urban,MB,PT,39,36,75
10064,Greater Attleboro-Taunton Regional Transit Authority,Full Reporter,Urban,DR,PT,36,25,61
10064,Greater Attleboro-Taunton Regional Transit Authority,Full Reporter,Urban,MB,PT,57,43,100
10066,Green Mountain Transit Authority,Full Reporter,Urban,CB,DO,9,4,13
10066,Green Mountain Transit Authority,Full Reporter,Urban,DR,DO,3,2,5
10066,Green Mountain Transit Authority,Full Reporter,Urban,DR,PT,16,3,19
10066,Green Mountain Transit Authority,Full Reporter,Urban,MB,DO,117,98,215
10086,Cooperative Alliance for Seacoast Transportation,Full Reporter,Urban,DR,DO,1,3,4
10086,Cooperative Alliance for Seacoast Transportation,Full Reporter,Urban,MB,DO,32,2,34
10087,City of Nashua,Full Reporter,Urban,DR,PT,11,7,18
10087,City of Nashua,Full Reporter,Urban,MB,PT,28,17,45
10088,Casco Bay Island Transit District,Full Reporter,Urban,FB,DO,1,0,1
10098,"Western Maine Transportation Services, Inc.",Full Reporter,Urban,CB,DO,0,3,3
10098,"Western Maine Transportation Services, Inc.",Full Reporter,Urban,DR,DO,1,8,9
10098,"Western Maine Transportation Services, Inc.",Full Reporter,Urban,MB,DO,5,13,18
10102,Connecticut Department of Transportation,Full Reporter,Urban,CB,PT,186,65,251
10102,Connecticut Department of Transportation,Full Reporter,Urban,CR,PT,41,122,163
10105,Cape Cod Regional Transit Authority,Full Reporter,Urban,DR,PT,20,2,22
10105,Cape Cod Regional Transit Authority,Full Reporter,Urban,MB,PT,116,3,119
10107,Milford Transit District,Full Reporter,Urban,DR,DO,2,6,8
10107,Milford Transit District,Full Reporter,Urban,MB,DO,14,22,36
10115,Northern New England Passenger Rail Authority,Full Reporter,Urban,CR,PT,0,1,1
10118,MetroWest Regional Transit Authority,Full Reporter,Urban,DR,PT,18,12,30
10118,MetroWest Regional Transit Authority,Full Reporter,Urban,MB,PT,14,8,22
10128,Connecticut Department of Transportation- CTTransit Waterbury- NET,Full Reporter,Urban,DR,PT,0,2,2
10128,Connecticut Department of Transportation- CTTransit Waterbury- NET,Full Reporter,Urban,MB,PT,7,21,28
10130,Connecticut Department of Transportation -CTTRANSIT New Britain ,Full Reporter,Urban,MB,PT,60,22,82
10183,"Woods Hole, Martha's Vineyard and Nantucket Steamship Authority",Full Reporter,Urban,FB,DO,32,0,32
10183,"Woods Hole, Martha's Vineyard and Nantucket Steamship Authority",Full Reporter,Urban,MB,DO,18,1,19
11147,Rhode Island Department of Transportation,Full Reporter,Urban,FB,PT,1,0,1
20002,Capital District Transportation Authority,Full Reporter,Urban,CB,PT,7,3,10
20002,Capital District Transportation Authority,Full Reporter,Urban,DR,DO,33,58,91
20002,Capital District Transportation Authority,Full Reporter,Urban,MB,DO,514,1494,2008
20002,Capital District Transportation Authority,Full Reporter,Urban,VP,PT,0,0,0
20003,Broome County,Full Reporter,Urban,DR,DO,4,2,6
20003,Broome County,Full Reporter,Urban,DR,PT,0,7,7
20003,Broome County,Full Reporter,Urban,MB,DO,185,455,640
20004,Niagara Frontier Transportation Authority,Full Reporter,Urban,DR,DO,25,20,45
20004,Niagara Frontier Transportation Authority,Full Reporter,Urban,LR,DO,50,12,62
20004,Niagara Frontier Transportation Authority,Full Reporter,Urban,MB,DO,814,1455,2269
20006,City of Long Beach,Full Reporter,Urban,DR,DO,0,4,4
20006,City of Long Beach,Full Reporter,Urban,MB,DO,1,5,6
20008,MTA New York City Transit,Full Reporter,Urban,CB,DO,193,102,295
20008,MTA New York City Transit,Full Reporter,Urban,DR,PT,1290,1656,2946
20008,MTA New York City Transit,Full Reporter,Urban,HR,DO,2783,14039,16822
20008,MTA New York City Transit,Full Reporter,Urban,MB,DO,7126,2484,9610
20008,MTA New York City Transit,Full Reporter,Urban,RB,DO,251,83,334
20010,Dutchess County,Full Reporter,Urban,DR,DO,19,2,21
20010,Dutchess County,Full Reporter,Urban,MB,DO,44,7,51
20018,Central New York Regional Transportation Authority,Full Reporter,Urban,DR,DO,30,96,126
20018,Central New York Regional Transportation Authority,Full Reporter,Urban,DR,PT,7,18,25
20018,Central New York Regional Transportation Authority,Full Reporter,Urban,MB,DO,323,1223,1546
20072,Suffolk County ,Full Reporter,Urban,DR,PT,18,24,42
20072,Suffolk County ,Full Reporter,Urban,MB,PT,566,175,741
20075,Port Authority Transit Corporation,Full Reporter,Urban,HR,DO,213,183,396
20076,Westchester County,Full Reporter,Urban,DR,PT,80,509,589
20076,Westchester County,Full Reporter,Urban,MB,PT,1341,904,2245
20078,"Metro-North Commuter Railroad Company, dba: MTA Metro-North Railroad",Full Reporter,Urban,CR,DO,78,0,78
20078,"Metro-North Commuter Railroad Company, dba: MTA Metro-North Railroad",Full Reporter,Urban,FB,PT,4,8,12
20078,"Metro-North Commuter Railroad Company, dba: MTA Metro-North Railroad",Full Reporter,Urban,MB,PT,3,10,13
20080,New Jersey Transit Corporation,Full Reporter,Urban,CR,DO,274,77,351
20080,New Jersey Transit Corporation,Full Reporter,Urban,DR,PT,237,245,482
20080,New Jersey Transit Corporation,Full Reporter,Urban,LR,DO,147,31,178
20080,New Jersey Transit Corporation,Full Reporter,Urban,LR,PT,90,10,100
20080,New Jersey Transit Corporation,Full Reporter,Urban,MB,DO,5041,3473,8514
20080,New Jersey Transit Corporation,Full Reporter,Urban,MB,PT,157,217,374
20080,New Jersey Transit Corporation,Full Reporter,Urban,VP,PT,12,14,26
20080,New Jersey Transit Corporation,Full Reporter,Urban,YR,PT,167,5,172
20082,New York City Department of Transportation,Full Reporter,Urban,CB,PT,5,22,27
20082,New York City Department of Transportation,Full Reporter,Urban,FB,DO,5,13,18
20084,County of Rockland ,Full Reporter,Urban,DR,DO,3,3,6
20084,County of Rockland ,Full Reporter,Urban,MB,PT,86,35,121
20096,Putnam County ,Full Reporter,Urban,DR,PT,0,0,0
20096,Putnam County ,Full Reporter,Urban,MB,PT,2,5,7
20098,Port Authority Trans-Hudson Corporation,Full Reporter,Urban,FB,PT,0,0,0
20098,Port Authority Trans-Hudson Corporation,Full Reporter,Urban,HR,DO,56,33,89
20099,Staten Island Rapid Transit Operating Authority,Full Reporter,Urban,HR,DO,33,0,33
20100,MTA Long Island Rail Road,Full Reporter,Urban,CR,DO,171,6,177
20113,Regional Transit Service - Monroe County,Full Reporter,Urban,DR,DO,91,32,123
20113,Regional Transit Service - Monroe County,Full Reporter,Urban,MB,DO,234,59,293
20113,Regional Transit Service - Monroe County,Full Reporter,Urban,VP,PT,3,0,3
20122,"Academy Lines, Inc.",Full Reporter,Urban,CB,DO,69,421,490
20126,"Hudson Transit Lines, Inc.",Full Reporter,Urban,CB,DO,420,14,434
20128,Suburban Transit Corporation,Full Reporter,Urban,CB,DO,5,250,255
20135,Monsey New Square Trails Corporation,Full Reporter,Urban,CB,DO,22,43,65
20145,Tompkins Consolidated Area Transit,Full Reporter,Urban,DR,PT,2,1,3
20145,Tompkins Consolidated Area Transit,Full Reporter,Urban,MB,DO,71,308,379
20149,"Rockland Coaches, Inc.",Full Reporter,Urban,CB,DO,16,137,153
20161,DeCamp Bus Lines,Full Reporter,Urban,CB,DO,68,31,99
20163,"Lakeland Bus Lines, Inc.",Full Reporter,Urban,CB,DO,21,38,59
20166,"Orange-Newark-Elizabeth, Inc.",Full Reporter,Urban,MB,DO,40,169,209
20169,"Trans-Bridge Lines, Inc. ",Full Reporter,Urban,CB,DO,140,162,302
20175,Private Transportation Corporation,Full Reporter,Urban,MB,PT,7,15,22
20177,"Adirondack Transit Lines, Inc,",Full Reporter,Urban,CB,DO,75,22,97
20188,MTA Bus Company,Full Reporter,Urban,MB,DO,3475,2052,5527
20189,"BillyBey Ferry Company, LLC",Full Reporter,Urban,FB,DO,0,0,0
20190,Port Imperial Ferry Corporation,Full Reporter,Urban,FB,DO,0,0,0
20190,Port Imperial Ferry Corporation,Full Reporter,Urban,MB,DO,0,0,0
20192,Bergen County,Full Reporter,Urban,DR,DO,0,111,111
20192,Bergen County,Full Reporter,Urban,MB,DO,0,14,14
20193,Cumberland County,Full Reporter,Urban,DR,DO,11,13,24
20199,County of Atlantic,Full Reporter,Urban,DR,DO,136,63,199
20204,"Senior Citizens United Community Services of Camden County, Inc.",Full Reporter,Urban,DR,DO,12,0,12
20206,County of Nassau,Full Reporter,Urban,DR,PT,78,24,102
20206,County of Nassau,Full Reporter,Urban,MB,PT,3517,1393,4910
20217,"Hampton Jitney, Inc.",Full Reporter,Urban,CB,DO,74,52,126
22930,New York City Economic Development Corporation,Full Reporter,Urban,FB,PT,24,51,75
22930,New York City Economic Development Corporation,Full Reporter,Urban,MB,PT,0,0,0
30001,Kanawha Valley Regional Transportation Authority,Full Reporter,Urban,DR,DO,1,1,2
30001,Kanawha Valley Regional Transportation Authority,Full Reporter,Urban,MB,DO,220,803,1023
30002,The Tri-State Transit Authority,Full Reporter,Urban,DR,DO,5,35,40
30002,The Tri-State Transit Authority,Full Reporter,Urban,MB,DO,9,431,440
30006,Greater Richmond Transit Company,Full Reporter,Urban,DR,PT,98,31,129
30006,Greater Richmond Transit Company,Full Reporter,Urban,MB,DO,774,39,813
30006,Greater Richmond Transit Company,Full Reporter,Urban,RB,DO,23,1,24
30006,Greater Richmond Transit Company,Full Reporter,Urban,VP,PT,1,7,8
30007,Greater Roanoke Transit Company,Full Reporter,Urban,DR,PT,0,47,47
30007,Greater Roanoke Transit Company,Full Reporter,Urban,MB,DO,1,192,193
30008,Greater Lynchburg Transit Company,Full Reporter,Urban,DR,DO,0,0,0
30008,Greater Lynchburg Transit Company,Full Reporter,Urban,MB,DO,47,0,47
30010,Lehigh and Northampton Transportation Authority,Full Reporter,Urban,DR,PT,23,33,56
30010,Lehigh and Northampton Transportation Authority,Full Reporter,Urban,MB,DO,56,317,373
30010,Lehigh and Northampton Transportation Authority,Full Reporter,Urban,MB,PT,1,3,4
30011,Altoona Metro Transit,Full Reporter,Urban,DR,DO,1,1,2
30011,Altoona Metro Transit,Full Reporter,Urban,DR,PT,8,0,8
30011,Altoona Metro Transit,Full Reporter,Urban,MB,DO,34,11,45
30012,Cambria County Transit Authority,Full Reporter,Urban,DR,DO,15,3,18
30012,Cambria County Transit Authority,Full Reporter,Urban,IP,DO,7,0,7
30012,Cambria County Transit Authority,Full Reporter,Urban,MB,DO,273,220,493
30013,Erie Metropolitan Transit Authority,Full Reporter,Urban,DR,DO,41,30,71
30013,Erie Metropolitan Transit Authority,Full Reporter,Urban,MB,DO,399,141,540
30014,Cumberland Dauphin-Harrisburg Transit Authority,Full Reporter,Urban,DR,DO,4,2,6
30014,Cumberland Dauphin-Harrisburg Transit Authority,Full Reporter,Urban,DR,PT,8,36,44
30014,Cumberland Dauphin-Harrisburg Transit Authority,Full Reporter,Urban,MB,DO,355,111,466
30014,Cumberland Dauphin-Harrisburg Transit Authority,Full Reporter,Urban,MB,PT,1,0,1
30015,Luzerne County Transportation Authority,Full Reporter,Urban,DR,DO,17,14,31
30015,Luzerne County Transportation Authority,Full Reporter,Urban,MB,DO,156,249,405
30019,Southeastern Pennsylvania Transportation Authority,Full Reporter,Urban,CR,DO,66,71,137
30019,Southeastern Pennsylvania Transportation Authority,Full Reporter,Urban,DR,PT,470,235,705
30019,Southeastern Pennsylvania Transportation Authority,Full Reporter,Urban,HR,DO,24,2421,2445
30019,Southeastern Pennsylvania Transportation Authority,Full Reporter,Urban,MB,DO,5351,2255,7606
30019,Southeastern Pennsylvania Transportation Authority,Full Reporter,Urban,MB,PT,7,0,7
30019,Southeastern Pennsylvania Transportation Authority,Full Reporter,Urban,SR,DO,12,355,367
30019,Southeastern Pennsylvania Transportation Authority,Full Reporter,Urban,TB,DO,203,231,434
30022,Port Authority of Allegheny County,Full Reporter,Urban,DR,PT,267,173,440
30022,Port Authority of Allegheny County,Full Reporter,Urban,IP,DO,1,5,6
30022,Port Authority of Allegheny County,Full Reporter,Urban,LR,DO,252,52,304
30022,Port Authority of Allegheny County,Full Reporter,Urban,MB,DO,1618,333,1951
30023,Beaver County Transit Authority,Full Reporter,Urban,DR,DO,1,7,8
30023,Beaver County Transit Authority,Full Reporter,Urban,MB,DO,6,12,18
30025,County of Lackawanna Transit System,Full Reporter,Urban,DR,DO,1,7,8
30025,County of Lackawanna Transit System,Full Reporter,Urban,DR,PT,0,2,2
30025,County of Lackawanna Transit System,Full Reporter,Urban,MB,DO,3,1,4
30025,County of Lackawanna Transit System,Full Reporter,Urban,MB,PT,3,4,7
30026,City of Williamsport,Full Reporter,Urban,DR,DO,0,0,0
30026,City of Williamsport,Full Reporter,Urban,DR,PT,0,0,0
30026,City of Williamsport,Full Reporter,Urban,MB,DO,63,111,174
30027,Central Pennsylvania Transportation Authority,Full Reporter,Urban,CB,DO,9,12,21
30027,Central Pennsylvania Transportation Authority,Full Reporter,Urban,DR,DO,5,47,52
30027,Central Pennsylvania Transportation Authority,Full Reporter,Urban,DR,PT,2,4,6
30027,Central Pennsylvania Transportation Authority,Full Reporter,Urban,MB,DO,32,523,555
30030,Washington Metropolitan Area Transit Authority,Full Reporter,Urban,DR,PT,355,1012,1367
30030,Washington Metropolitan Area Transit Authority,Full Reporter,Urban,HR,DO,370,27,397
30030,Washington Metropolitan Area Transit Authority,Full Reporter,Urban,MB,DO,5434,2089,7523
30030,Washington Metropolitan Area Transit Authority,Full Reporter,Urban,MB,PT,0,0,0
30034,Maryland Transit Administration,Full Reporter,Urban,CB,PT,381,595,976
30034,Maryland Transit Administration,Full Reporter,Urban,CR,PT,94,0,94
30034,Maryland Transit Administration,Full Reporter,Urban,DR,DO,20,188,208
30034,Maryland Transit Administration,Full Reporter,Urban,DR,PT,890,958,1848
30034,Maryland Transit Administration,Full Reporter,Urban,HR,DO,297,445,742
30034,Maryland Transit Administration,Full Reporter,Urban,LR,DO,985,1167,2152
30034,Maryland Transit Administration,Full Reporter,Urban,MB,DO,3678,4011,7689
30035,Ohio Valley Regional Transportation Authority,Full Reporter,Urban,DR,DO,0,7,7
30035,Ohio Valley Regional Transportation Authority,Full Reporter,Urban,MB,DO,1,59,60
30044,Westmoreland County ,Full Reporter,Urban,MB,PT,10,81,91
30045,"JAUNT, Inc.",Full Reporter,Urban,CB,DO,1,0,1
30045,"JAUNT, Inc.",Full Reporter,Urban,DR,DO,11,0,11
30048,County of Howard,Full Reporter,Urban,DR,PT,11,15,26
30048,County of Howard,Full Reporter,Urban,MB,PT,174,324,498
30051,"Montgomery County, Maryland",Full Reporter,Urban,MB,DO,298,1552,1850
30054,Centre Area Transportation Authority,Full Reporter,Urban,DR,PT,7,2,9
30054,Centre Area Transportation Authority,Full Reporter,Urban,MB,DO,102,44,146
30054,Centre Area Transportation Authority,Full Reporter,Urban,VP,DO,2,0,2
30057,Pennsylvania Department of Transportation,Full Reporter,Urban,CR,PT,7,0,7
30058,City of Fairfax,Full Reporter,Urban,MB,DO,68,100,168
30061,Mid Mon Valley Transit Authority,Full Reporter,Urban,MB,PT,53,17,70
30068,"Fairfax County, VA",Full Reporter,Urban,MB,PT,2405,238,2643
30070,Potomac and Rappahannock Transportation Commission,Full Reporter,Urban,CB,PT,235,73,308
30070,Potomac and Rappahannock Transportation Commission,Full Reporter,Urban,MB,PT,137,34,171
30070,Potomac and Rappahannock Transportation Commission,Full Reporter,Urban,VP,PT,30,17,47
30071,City of Alexandria ,Full Reporter,Urban,MB,DO,128,10,138
30072,"Frederick County, Maryland",Full Reporter,Urban,DR,DO,4,1,5
30072,"Frederick County, Maryland",Full Reporter,Urban,MB,DO,71,91,162
30073,Virginia Railway Express,Full Reporter,Urban,CR,PT,4,0,4
30075,Delaware Transit Corporation,Full Reporter,Urban,DR,DO,197,107,304
30075,Delaware Transit Corporation,Full Reporter,Urban,DR,PT,11,16,27
30075,Delaware Transit Corporation,Full Reporter,Urban,MB,DO,1232,1197,2429
30075,Delaware Transit Corporation,Full Reporter,Urban,MB,PT,77,116,193
30076,Williamsburg Area Transit Authority,Full Reporter,Urban,DR,DO,2,1,3
30076,Williamsburg Area Transit Authority,Full Reporter,Urban,MB,DO,26,1,27
30076,Williamsburg Area Transit Authority,Full Reporter,Urban,MB,PT,9,0,9
30077,Borough of Pottstown,Full Reporter,Urban,DR,PT,0,18,18
30077,Borough of Pottstown,Full Reporter,Urban,MB,PT,15,70,85
30078,Southwestern Pennsylvania Commission,Full Reporter,Urban,VP,PT,1,1,2
30080,"Arlington County, Virginia",Full Reporter,Urban,DR,PT,9,0,9
30080,"Arlington County, Virginia",Full Reporter,Urban,MB,PT,330,96,426
30081,Loudoun County,Full Reporter,Urban,CB,PT,175,178,353
30081,Loudoun County,Full Reporter,Urban,DR,PT,1,7,8
30081,Loudoun County,Full Reporter,Urban,MB,PT,7,94,101
30083,Transportation District Commission of Hampton Roads,Full Reporter,Urban,DR,PT,22,94,116
30083,Transportation District Commission of Hampton Roads,Full Reporter,Urban,FB,PT,2,11,13
30083,Transportation District Commission of Hampton Roads,Full Reporter,Urban,LR,DO,41,0,41
30083,Transportation District Commission of Hampton Roads,Full Reporter,Urban,MB,DO,928,2035,2963
30083,Transportation District Commission of Hampton Roads,Full Reporter,Urban,VP,PT,1,0,1
30085,"Prince George's County, Maryland",Full Reporter,Urban,DR,DO,33,26,59
30085,"Prince George's County, Maryland",Full Reporter,Urban,MB,PT,149,243,392
30087,County of Fayette,Full Reporter,Urban,DR,DO,4,16,20
30087,County of Fayette,Full Reporter,Urban,DR,PT,1,3,4
30087,County of Fayette,Full Reporter,Urban,MB,DO,1,16,17
30087,County of Fayette,Full Reporter,Urban,MB,PT,6,10,16
30088,"County Commissioners of Charles County, MD",Full Reporter,Urban,DR,PT,4,6,10
30088,"County Commissioners of Charles County, MD",Full Reporter,Urban,MB,PT,67,106,173
30091,Town of Blacksburg,Full Reporter,Urban,DR,DO,18,44,62
30091,Town of Blacksburg,Full Reporter,Urban,MB,DO,235,161,396
30094,City of Harrisonburg,Full Reporter,Urban,DR,DO,1,13,14
30094,City of Harrisonburg,Full Reporter,Urban,MB,DO,121,99,220
30095,County of Lebanon Transit Authority,Full Reporter,Urban,DR,DO,1,2,3
30095,County of Lebanon Transit Authority,Full Reporter,Urban,MB,DO,2,2,4
30096,The Tri-County Council for the Lower Eastern Shore of Maryland,Full Reporter,Urban,DR,DO,105,36,141
30096,The Tri-County Council for the Lower Eastern Shore of Maryland,Full Reporter,Urban,MB,DO,125,52,177
30107,West Virginia University - Morgantown Personal Rapid Transit,Full Reporter,Urban,MG,DO,147,310,457
30111,Washington County Transportation Authority,Full Reporter,Urban,DR,PT,2,5,7
30111,Washington County Transportation Authority,Full Reporter,Urban,MB,PT,3,9,12
30112,DDOT - Progressive Transportation Services Administration,Full Reporter,Urban,MB,PT,688,169,857
30112,DDOT - Progressive Transportation Services Administration,Full Reporter,Urban,SR,PT,9,3,12
30129,Anne Arundel County,Full Reporter,Urban,DR,PT,0,1,1
30129,Anne Arundel County,Full Reporter,Urban,MB,PT,0,2,2
30137,Monroe County Transportation  Authority,Full Reporter,Urban,DR,DO,34,13,47
30137,Monroe County Transportation  Authority,Full Reporter,Urban,MB,DO,43,10,53
30201,City of Baltimore,Full Reporter,Urban,FB,PT,0,5,5
30201,City of Baltimore,Full Reporter,Urban,MB,PT,15,70,85
30202,South Central Transit Authority,Full Reporter,Urban,DR,DO,14,2,16
30202,South Central Transit Authority,Full Reporter,Urban,DR,PT,22,95,117
30202,South Central Transit Authority,Full Reporter,Urban,MB,DO,546,347,893
40001,Chattanooga Area Regional Transportation Authority,Full Reporter,Urban,DR,DO,18,6,24
40001,Chattanooga Area Regional Transportation Authority,Full Reporter,Urban,IP,DO,0,0,0
40001,Chattanooga Area Regional Transportation Authority,Full Reporter,Urban,MB,DO,168,96,264
40002,City of Knoxville,Full Reporter,Urban,DR,DO,42,0,42
40002,City of Knoxville,Full Reporter,Urban,MB,DO,315,26,341
40003,City of Memphis,Full Reporter,Urban,DR,DO,74,390,464
40003,City of Memphis,Full Reporter,Urban,MB,DO,174,1256,1430
40003,City of Memphis,Full Reporter,Urban,SR,DO,25,298,323
40004,Metropolitan Transit Authority,Full Reporter,Urban,DR,DO,85,42,127
40004,Metropolitan Transit Authority,Full Reporter,Urban,MB,DO,1133,1119,2252
40005,City of Asheville,Full Reporter,Urban,MB,PT,0,0,0
40006,Cape Fear Public Transportation Authority,Full Reporter,Urban,DR,DO,10,2,12
40006,Cape Fear Public Transportation Authority,Full Reporter,Urban,MB,PT,103,121,224
40006,Cape Fear Public Transportation Authority,Full Reporter,Urban,VP,DO,0,10,10
40007,City of Raleigh,Full Reporter,Urban,MB,DO,714,137,851
40008,City of Charlotte North Carolina,Full Reporter,Urban,CB,PT,99,298,397
40008,City of Charlotte North Carolina,Full Reporter,Urban,DR,DO,47,227,274
40008,City of Charlotte North Carolina,Full Reporter,Urban,LR,DO,251,2,253
40008,City of Charlotte North Carolina,Full Reporter,Urban,MB,PT,839,2017,2856
40008,City of Charlotte North Carolina,Full Reporter,Urban,SR,DO,81,9,90
40008,City of Charlotte North Carolina,Full Reporter,Urban,VP,DO,11,0,11
40009,City of Fayetteville,Full Reporter,Urban,DR,DO,23,7,30
40009,City of Fayetteville,Full Reporter,Urban,MB,DO,103,29,132
40012,City of Winston Salem,Full Reporter,Urban,DR,DO,69,19,88
40012,City of Winston Salem,Full Reporter,Urban,MB,DO,380,144,524
40014,Ms Coast Transportation Authority,Full Reporter,Urban,DR,DO,6,2,8
40014,Ms Coast Transportation Authority,Full Reporter,Urban,MB,DO,146,153,299
40014,Ms Coast Transportation Authority,Full Reporter,Urban,VP,PT,0,0,0
40015,"City of Jackson, MS",Full Reporter,Urban,DR,PT,5,213,218
40015,"City of Jackson, MS",Full Reporter,Urban,MB,PT,8,700,708
40017,Lexington Transit Authority,Full Reporter,Urban,DR,PT,74,91,165
40017,Lexington Transit Authority,Full Reporter,Urban,MB,DO,188,117,305
40017,Lexington Transit Authority,Full Reporter,Urban,VP,PT,1,1,2
40018,Transit Authority of River City,Full Reporter,Urban,DR,DO,97,200,297
40018,Transit Authority of River City,Full Reporter,Urban,DR,PT,26,142,168
40018,Transit Authority of River City,Full Reporter,Urban,MB,DO,1286,2652,3938
40018,Transit Authority of River City,Full Reporter,Urban,MB,PT,2,2,4
40019,Transit Authority of Northern Kentucky,Full Reporter,Urban,DR,DO,11,4,15
40019,Transit Authority of Northern Kentucky,Full Reporter,Urban,MB,DO,233,144,377
40021,City of Albany ,Full Reporter,Urban,DR,DO,46,50,96
40021,City of Albany ,Full Reporter,Urban,MB,DO,160,517,677
40022,Metropolitan Atlanta Rapid Transit Authority,Full Reporter,Urban,DR,PT,531,496,1027
40022,Metropolitan Atlanta Rapid Transit Authority,Full Reporter,Urban,HR,DO,863,261,1124
40022,Metropolitan Atlanta Rapid Transit Authority,Full Reporter,Urban,MB,DO,8054,3596,11650
40022,Metropolitan Atlanta Rapid Transit Authority,Full Reporter,Urban,SR,DO,10,13,23
40023,Augusta Richmond County Transit Department,Full Reporter,Urban,DR,PT,33,6,39
40023,Augusta Richmond County Transit Department,Full Reporter,Urban,MB,PT,287,159,446
40025,Chatham Area Transit Authority,Full Reporter,Urban,DR,DO,4,15,19
40025,Chatham Area Transit Authority,Full Reporter,Urban,DR,PT,0,1,1
40025,Chatham Area Transit Authority,Full Reporter,Urban,FB,DO,3,14,17
40025,Chatham Area Transit Authority,Full Reporter,Urban,MB,DO,146,37,183
40026,Manatee County Board of County Commissioners,Full Reporter,Urban,DR,DO,144,332,476
40026,Manatee County Board of County Commissioners,Full Reporter,Urban,MB,DO,133,248,381
40027,Pinellas Suncoast Transit Authority,Full Reporter,Urban,DR,PT,123,126,249
40027,Pinellas Suncoast Transit Authority,Full Reporter,Urban,MB,DO,443,80,523
40027,Pinellas Suncoast Transit Authority,Full Reporter,Urban,MB,PT,32,15,47
40028,Lee County,Full Reporter,Urban,DR,DO,25,7,32
40028,Lee County,Full Reporter,Urban,MB,DO,89,57,146
40028,Lee County,Full Reporter,Urban,VP,PT,0,0,0
40029,Broward County Board of County Commissioners,Full Reporter,Urban,DR,PT,97,5,102
40029,Broward County Board of County Commissioners,Full Reporter,Urban,MB,DO,5504,655,6159
40029,Broward County Board of County Commissioners,Full Reporter,Urban,MB,PT,91,1,92
40030,"City of Gainesville, FL",Full Reporter,Urban,DR,PT,25,0,25
40030,"City of Gainesville, FL",Full Reporter,Urban,MB,DO,250,262,512
40030,"City of Gainesville, FL",Full Reporter,Urban,VP,PT,0,0,0
40031,Lakeland Area Mass Transit District ,Full Reporter,Urban,DR,DO,67,8,75
40031,Lakeland Area Mass Transit District ,Full Reporter,Urban,MB,DO,275,10,285
40032,County of Volusia,Full Reporter,Urban,DR,DO,169,39,208
40032,County of Volusia,Full Reporter,Urban,DR,PT,0,0,0
40032,County of Volusia,Full Reporter,Urban,MB,DO,486,194,680
40032,County of Volusia,Full Reporter,Urban,VP,PT,0,0,0
40034,County of Miami-Dade ,Full Reporter,Urban,CB,PT,15,90,105
40034,County of Miami-Dade ,Full Reporter,Urban,DR,PT,134,87,221
40034,County of Miami-Dade ,Full Reporter,Urban,HR,DO,224,1482,1706
40034,County of Miami-Dade ,Full Reporter,Urban,MB,DO,1261,8521,9782
40034,County of Miami-Dade ,Full Reporter,Urban,MB,PT,1,21,22
40034,County of Miami-Dade ,Full Reporter,Urban,MG,DO,216,380,596
40034,County of Miami-Dade ,Full Reporter,Urban,VP,PT,0,0,0
40035,Central Florida Regional Transportation Authority,Full Reporter,Urban,DR,PT,45,289,334
40035,Central Florida Regional Transportation Authority,Full Reporter,Urban,MB,DO,1243,423,1666
40035,Central Florida Regional Transportation Authority,Full Reporter,Urban,MB,PT,18,79,97
40035,Central Florida Regional Transportation Authority,Full Reporter,Urban,RB,DO,24,12,36
40035,Central Florida Regional Transportation Authority,Full Reporter,Urban,VP,PT,4,0,4
40036,City of Tallahassee,Full Reporter,Urban,DR,DO,6,56,62
40036,City of Tallahassee,Full Reporter,Urban,DR,PT,0,1,1
40036,City of Tallahassee,Full Reporter,Urban,MB,DO,27,670,697
40036,City of Tallahassee,Full Reporter,Urban,MB,PT,0,0,0
40037,"Board of County Commissioners, Palm Beach County",Full Reporter,Urban,DR,PT,574,647,1221
40037,"Board of County Commissioners, Palm Beach County",Full Reporter,Urban,MB,DO,629,423,1052
40038,"Escambia County Board of County Commissioners, FL",Full Reporter,Urban,DR,PT,8,7,15
40038,"Escambia County Board of County Commissioners, FL",Full Reporter,Urban,MB,DO,14,90,104
40040,Jacksonville Transportation Authority,Full Reporter,Urban,DR,PT,64,88,152
40040,Jacksonville Transportation Authority,Full Reporter,Urban,FB,PT,2,0,2
40040,Jacksonville Transportation Authority,Full Reporter,Urban,MB,DO,99,562,661
40040,Jacksonville Transportation Authority,Full Reporter,Urban,MB,PT,3,8,11
40040,Jacksonville Transportation Authority,Full Reporter,Urban,MG,DO,11,0,11
40041,Hillsborough Area Regional Transit Authority,Full Reporter,Urban,DR,DO,198,69,267
40041,Hillsborough Area Regional Transit Authority,Full Reporter,Urban,MB,DO,440,1250,1690
40041,Hillsborough Area Regional Transit Authority,Full Reporter,Urban,SR,DO,131,16,147
40042,Birmingham-Jefferson County Transit Authority,Full Reporter,Urban,DR,DO,11,22,33
40042,Birmingham-Jefferson County Transit Authority,Full Reporter,Urban,MB,DO,705,402,1107
40043,City of Mobile,Full Reporter,Urban,DR,DO,5,29,34
40043,City of Mobile,Full Reporter,Urban,MB,DO,11,128,139
40044,City of Montgomery,Full Reporter,Urban,DR,DO,4,0,4
40044,City of Montgomery,Full Reporter,Urban,MB,DO,30,6,36
40046,Sarasota County ,Full Reporter,Urban,DR,PT,40,36,76
40046,Sarasota County ,Full Reporter,Urban,MB,DO,384,137,521
40046,Sarasota County ,Full Reporter,Urban,MB,PT,0,0,0
40047,Athens-Clarke County Unified Government,Full Reporter,Urban,DR,DO,0,2,2
40047,Athens-Clarke County Unified Government,Full Reporter,Urban,MB,DO,41,177,218
40051,Town of Chapel Hill,Full Reporter,Urban,DR,DO,9,2,11
40051,Town of Chapel Hill,Full Reporter,Urban,MB,DO,115,6,121
40053,Greenville Transit Authority,Full Reporter,Urban,DR,DO,1,1,2
40053,Greenville Transit Authority,Full Reporter,Urban,MB,DO,81,9,90
40057,Jackson Transit Authority,Full Reporter,Urban,DR,DO,8,9,17
40057,Jackson Transit Authority,Full Reporter,Urban,MB,DO,71,51,122
40058,City of Rome ,Full Reporter,Urban,DR,DO,4,1,5
40058,City of Rome ,Full Reporter,Urban,MB,DO,83,71,154
40063,Brevard Board of County Commissioners,Full Reporter,Urban,DR,DO,7,14,21
40063,Brevard Board of County Commissioners,Full Reporter,Urban,DR,PT,0,0,0
40063,Brevard Board of County Commissioners,Full Reporter,Urban,MB,DO,24,25,49
40063,Brevard Board of County Commissioners,Full Reporter,Urban,VP,PT,0,0,0
40068,Northwest Alabama Council of Local Governments,Full Reporter,Urban,DR,DO,26,11,37
40071,"City of Huntsville, Alabama",Full Reporter,Urban,DR,DO,26,43,69
40071,"City of Huntsville, Alabama",Full Reporter,Urban,MB,DO,49,91,140
40074,Pasco County Board of County Commissioners,Full Reporter,Urban,DR,DO,61,83,144
40074,Pasco County Board of County Commissioners,Full Reporter,Urban,MB,DO,229,303,532
40077,South Florida Regional Transportation Authority,Full Reporter,Urban,CR,PT,31,52,83
40077,South Florida Regional Transportation Authority,Full Reporter,Urban,MB,PT,33,18,51
40078,Cobb County,Full Reporter,Urban,CB,PT,75,157,232
40078,Cobb County,Full Reporter,Urban,DR,PT,100,82,182
40078,Cobb County,Full Reporter,Urban,MB,PT,95,110,205
40082,County of Douglas,Full Reporter,Urban,DR,DO,2,1,3
40082,County of Douglas,Full Reporter,Urban,DR,PT,1,1,2
40082,County of Douglas,Full Reporter,Urban,MB,PT,8,1,9
40082,County of Douglas,Full Reporter,Urban,VP,DO,10,4,14
40086,Metropolitan Bus Authority,Full Reporter,Urban,DR,DO,156,136,292
40086,Metropolitan Bus Authority,Full Reporter,Urban,MB,DO,3204,2628,5832
40087,City of Durham,Full Reporter,Urban,DR,PT,19,23,42
40087,City of Durham,Full Reporter,Urban,MB,PT,161,78,239
40093,City of Greensboro ,Full Reporter,Urban,DR,PT,56,60,116
40093,City of Greensboro ,Full Reporter,Urban,MB,PT,79,146,225
40094,Alternativa de Transporte Integrado -ATI,Full Reporter,Urban,HR,PT,84,610,694
40094,Alternativa de Transporte Integrado -ATI,Full Reporter,Urban,MB,PT,298,60,358
40097,"Council on Aging of St. Lucie, Inc.",Full Reporter,Urban,DR,DO,60,0,60
40097,"Council on Aging of St. Lucie, Inc.",Full Reporter,Urban,MB,DO,34,0,34
40100,Santee Wateree Regional Transportation Authority,Full Reporter,Urban,CB,DO,8,37,45
40100,Santee Wateree Regional Transportation Authority,Full Reporter,Urban,DR,DO,34,232,266
40100,Santee Wateree Regional Transportation Authority,Full Reporter,Urban,MB,DO,27,133,160
40104,Indian River County,Full Reporter,Urban,DR,PT,0,2,2
40104,Indian River County,Full Reporter,Urban,MB,PT,1,4,5
40108,Research Triangle Regional Public Transportation Authority,Full Reporter,Urban,DR,DO,9,4,13
40108,Research Triangle Regional Public Transportation Authority,Full Reporter,Urban,MB,DO,76,275,351
40108,Research Triangle Regional Public Transportation Authority,Full Reporter,Urban,MB,PT,29,4,33
40108,Research Triangle Regional Public Transportation Authority,Full Reporter,Urban,VP,DO,0,0,0
40108,Research Triangle Regional Public Transportation Authority,Full Reporter,Urban,VP,PT,0,0,0
40110,Charleston Area Regional Transportation Authority,Full Reporter,Urban,CB,PT,8,1,9
40110,Charleston Area Regional Transportation Authority,Full Reporter,Urban,DR,PT,8,3,11
40110,Charleston Area Regional Transportation Authority,Full Reporter,Urban,MB,PT,130,28,158
40128,Okaloosa County Board of County Commissioners,Full Reporter,Urban,DR,PT,55,16,71
40128,Okaloosa County Board of County Commissioners,Full Reporter,Urban,MB,PT,22,19,41
40129,Charlotte County Government,Full Reporter,Urban,DR,DO,1,0,1
40129,Charlotte County Government,Full Reporter,Urban,DR,PT,46,0,46
40138,Gwinnett County Board of Commissioners,Full Reporter,Urban,CB,PT,53,80,133
40138,Gwinnett County Board of Commissioners,Full Reporter,Urban,DR,PT,4,1,5
40138,Gwinnett County Board of Commissioners,Full Reporter,Urban,MB,PT,82,53,135
40140,Collier County,Full Reporter,Urban,DR,PT,83,29,112
40140,Collier County,Full Reporter,Urban,MB,PT,96,69,165
40141,Central Midlands Regional Transportation Authority,Full Reporter,Urban,DR,PT,12,5,17
40141,Central Midlands Regional Transportation Authority,Full Reporter,Urban,MB,PT,454,218,672
40141,Central Midlands Regional Transportation Authority,Full Reporter,Urban,VP,PT,0,0,0
40147,North Carolina State University,Full Reporter,Urban,MB,PT,0,7,7
40158,Lake County Board of County Commissioners,Full Reporter,Urban,DR,PT,12,83,95
40158,Lake County Board of County Commissioners,Full Reporter,Urban,MB,PT,24,159,183
40159,Regional Transportation Authority,Full Reporter,Urban,CB,PT,11,0,11
40159,Regional Transportation Authority,Full Reporter,Urban,CR,PT,2,0,2
40159,Regional Transportation Authority,Full Reporter,Urban,VP,PT,0,0,0
40169,Regional Planning Commission of Greater Birmingham,Full Reporter,Urban,VP,PT,0,0,0
40171,Knoxville-Knox County Community Action Committee,Full Reporter,Urban,DR,DO,7,9,16
40172,Western Piedmont Regional Transit Authority ,Full Reporter,Urban,DR,DO,90,33,123
40172,Western Piedmont Regional Transit Authority ,Full Reporter,Urban,MB,DO,44,7,51
40173,Piedmont Authority for Regional Transportation,Full Reporter,Urban,CB,PT,34,52,86
40173,Piedmont Authority for Regional Transportation,Full Reporter,Urban,VP,DO,10,10,20
40175,Puerto Rico Maritime Transport Authority ,Full Reporter,Urban,FB,DO,8,42,50
40178,The Transportation Management Association Group,Full Reporter,Urban,VP,DO,1,0,1
40180,University of Georgia,Full Reporter,Urban,DR,DO,7,15,22
40180,University of Georgia,Full Reporter,Urban,MB,DO,17,43,60
40185,Bay County Transportation Planning Organization,Full Reporter,Urban,DR,PT,0,1,1
40185,Bay County Transportation Planning Organization,Full Reporter,Urban,MB,PT,6,11,17
40191,Transit Authority of Central Kentucky,Full Reporter,Urban,DR,DO,7,3,10
40191,Transit Authority of Central Kentucky,Full Reporter,Urban,MB,DO,1,0,1
40191,Transit Authority of Central Kentucky,Full Reporter,Urban,VP,DO,2,0,2
40192,Martin County,Full Reporter,Urban,CB,PT,0,6,6
40192,Martin County,Full Reporter,Urban,DR,PT,0,0,0
40192,Martin County,Full Reporter,Urban,MB,PT,0,7,7
40196,Kentuckiana Regional Planning and Development Agency,Full Reporter,Urban,VP,DO,7,122,129
40200,Tampa Bay Area Regional Transit Authority,Full Reporter,Urban,VP,PT,0,0,0
40208,City of Clemson,Full Reporter,Urban,MB,DO,9,4,13
40222,Wake County,Full Reporter,Urban,DR,PT,13,30,43
40224,Buncombe County,Full Reporter,Urban,DR,PT,55,50,105
40224,Buncombe County,Full Reporter,Urban,MB,PT,9,4,13
40228,Mecklenburg County ,Full Reporter,Urban,DR,DO,7,4,11
40232,Central Florida Commuter Rail,Full Reporter,Urban,CR,PT,22,0,22
40244,"Spartanburg Regional Health Services, Inc.",Full Reporter,Urban,DR,DO,28,15,43
40247,Shelby County Government,Full Reporter,Urban,VP,PT,0,0,0
40258,"The Looper Group, Inc.",Full Reporter,Urban,MB,DO,5,12,17
40264,Georgia State Road and Tollway Authority,Full Reporter,Urban,CB,PT,320,172,492
40264,Georgia State Road and Tollway Authority,Full Reporter,Urban,VP,PT,0,0,0
40265,North Central Alabama Regional Council of Governments,Full Reporter,Urban,DR,DO,63,28,91
40928,Baldwin County Commission,Full Reporter,Urban,DR,DO,20,0,20
40950,First Tennessee Human Resource Agency,Full Reporter,Urban,DR,DO,47,12,59
41068,Flagler County Public Transportation,Full Reporter,Urban,DR,DO,0,0,0
41105,"Audubon Area Community Services, Inc.",Full Reporter,Urban,DR,DO,11,25,36
44929,City of Fort Lauderdale,Full Reporter,Urban,FB,PT,0,0,0
44929,City of Fort Lauderdale,Full Reporter,Urban,MB,PT,31,19,50
50001,City of Appleton,Full Reporter,Urban,DR,PT,8,20,28
50001,City of Appleton,Full Reporter,Urban,MB,DO,20,31,51
50001,City of Appleton,Full Reporter,Urban,MB,PT,3,1,4
50002,City of Green Bay,Full Reporter,Urban,DR,PT,5,14,19
50002,City of Green Bay,Full Reporter,Urban,MB,DO,34,120,154
50003,City of Kenosha,Full Reporter,Urban,DR,PT,8,48,56
50003,City of Kenosha,Full Reporter,Urban,MB,DO,91,40,131
50003,City of Kenosha,Full Reporter,Urban,SR,DO,0,5,5
50004,City of La Crosse,Full Reporter,Urban,DR,PT,44,98,142
50004,City of La Crosse,Full Reporter,Urban,MB,DO,168,190,358
50005,City of Madison,Full Reporter,Urban,MB,DO,178,245,423
50006,"City of Racine, Wisconsin",Full Reporter,Urban,CB,PT,5,11,16
50006,"City of Racine, Wisconsin",Full Reporter,Urban,DR,DO,0,5,5
50006,"City of Racine, Wisconsin",Full Reporter,Urban,MB,DO,51,200,251
50008,Milwaukee County,Full Reporter,Urban,DR,PT,15,56,71
50008,Milwaukee County,Full Reporter,Urban,MB,PT,3833,3335,7168
50009,"City of Oshkosh, Wisconsin",Full Reporter,Urban,MB,DO,17,29,46
50009,"City of Oshkosh, Wisconsin",Full Reporter,Urban,MB,PT,2,3,5
50010,METRO Regional Transit Authority ,Full Reporter,Urban,DR,DO,61,37,98
50010,METRO Regional Transit Authority ,Full Reporter,Urban,DR,PT,0,12,12
50010,METRO Regional Transit Authority ,Full Reporter,Urban,MB,DO,285,446,731
50011,Stark Area Regional Transit Authority,Full Reporter,Urban,DR,DO,57,107,164
50011,Stark Area Regional Transit Authority,Full Reporter,Urban,MB,DO,110,733,843
50012,Southwest Ohio Regional Transit Authority,Full Reporter,Urban,DR,PT,37,72,109
50012,Southwest Ohio Regional Transit Authority,Full Reporter,Urban,MB,DO,1343,1364,2707
50012,Southwest Ohio Regional Transit Authority,Full Reporter,Urban,SR,PT,112,61,173
50015,The Greater Cleveland Regional Transit Authority,Full Reporter,Urban,DR,DO,12,21,33
50015,The Greater Cleveland Regional Transit Authority,Full Reporter,Urban,DR,PT,15,47,62
50015,The Greater Cleveland Regional Transit Authority,Full Reporter,Urban,HR,DO,226,1333,1559
50015,The Greater Cleveland Regional Transit Authority,Full Reporter,Urban,LR,DO,286,641,927
50015,The Greater Cleveland Regional Transit Authority,Full Reporter,Urban,MB,DO,730,62,792
50015,The Greater Cleveland Regional Transit Authority,Full Reporter,Urban,RB,DO,97,13,110
50015,The Greater Cleveland Regional Transit Authority,Full Reporter,Urban,VP,PT,1,0,1
50016,Central Ohio Transit Authority,Full Reporter,Urban,DR,PT,51,18,69
50016,Central Ohio Transit Authority,Full Reporter,Urban,MB,DO,2203,1193,3396
50017,Greater Dayton Regional Transit Authority,Full Reporter,Urban,DR,DO,115,52,167
50017,Greater Dayton Regional Transit Authority,Full Reporter,Urban,MB,DO,1541,1431,2972
50017,Greater Dayton Regional Transit Authority,Full Reporter,Urban,TB,DO,345,126,471
50021,Portage Area Regional Transportation Authority,Full Reporter,Urban,DR,DO,5,2,7
50021,Portage Area Regional Transportation Authority,Full Reporter,Urban,MB,DO,17,5,22
50022,Toledo Area Regional Transit Authority,Full Reporter,Urban,DR,DO,27,122,149
50022,Toledo Area Regional Transit Authority,Full Reporter,Urban,DR,PT,0,0,0
50022,Toledo Area Regional Transit Authority,Full Reporter,Urban,MB,DO,317,503,820
50024,Western Reserve Transit Authority,Full Reporter,Urban,DR,DO,4,4,8
50024,Western Reserve Transit Authority,Full Reporter,Urban,MB,DO,17,13,30
50025,Duluth Transit Authority,Full Reporter,Urban,DR,PT,0,3,3
50025,Duluth Transit Authority,Full Reporter,Urban,MB,DO,215,61,276
50026,City of Moorhead,Full Reporter,Urban,DR,PT,0,0,0
50026,City of Moorhead,Full Reporter,Urban,MB,PT,11,43,54
50027,Metro Transit ,Full Reporter,Urban,CR,PT,1,4,5
50027,Metro Transit ,Full Reporter,Urban,LR,DO,114,229,343
50027,Metro Transit ,Full Reporter,Urban,MB,DO,672,6079,6751
50028,St. Cloud Metropolitan Transit Commission,Full Reporter,Urban,CB,DO,2,0,2
50028,St. Cloud Metropolitan Transit Commission,Full Reporter,Urban,DR,DO,14,31,45
50028,St. Cloud Metropolitan Transit Commission,Full Reporter,Urban,MB,DO,15,9,24
50029,Bay Metropolitan Transit Authority,Full Reporter,Urban,DR,DO,2,15,17
50029,Bay Metropolitan Transit Authority,Full Reporter,Urban,MB,DO,29,36,65
50031,Suburban Mobility Authority for Regional Transportation,Full Reporter,Urban,DR,DO,86,52,138
50031,Suburban Mobility Authority for Regional Transportation,Full Reporter,Urban,DR,PT,32,4,36
50031,Suburban Mobility Authority for Regional Transportation,Full Reporter,Urban,MB,DO,2205,1122,3327
50032,Mass Transportation Authority ,Full Reporter,Urban,DR,DO,167,225,392
50032,Mass Transportation Authority ,Full Reporter,Urban,DR,PT,0,0,0
50032,Mass Transportation Authority ,Full Reporter,Urban,MB,DO,469,395,864
50033,Interurban Transit Partnership,Full Reporter,Urban,DR,PT,26,0,26
50033,Interurban Transit Partnership,Full Reporter,Urban,MB,DO,314,1240,1554
50033,Interurban Transit Partnership,Full Reporter,Urban,RB,DO,28,75,103
50033,Interurban Transit Partnership,Full Reporter,Urban,VP,DO,1,0,1
50034,City of Jackson Transportation Authority,Full Reporter,Urban,DR,DO,4,3,7
50034,City of Jackson Transportation Authority,Full Reporter,Urban,MB,DO,30,58,88
50035,Central County Transportation Authority,Full Reporter,Urban,DR,PT,8,48,56
50035,Central County Transportation Authority,Full Reporter,Urban,MB,DO,23,860,883
50036,Capital Area Transportation Authority,Full Reporter,Urban,DR,DO,50,3,53
50036,Capital Area Transportation Authority,Full Reporter,Urban,DR,PT,4,35,39
50036,Capital Area Transportation Authority,Full Reporter,Urban,MB,DO,476,59,535
50039,Saginaw Transit Authority Regional Service,Full Reporter,Urban,DR,DO,0,25,25
50039,Saginaw Transit Authority Regional Service,Full Reporter,Urban,MB,DO,45,15,60
50040,Ann Arbor Area Transportation Authority,Full Reporter,Urban,CB,DO,0,0,0
50040,Ann Arbor Area Transportation Authority,Full Reporter,Urban,CB,PT,1,2,3
50040,Ann Arbor Area Transportation Authority,Full Reporter,Urban,DR,PT,19,46,65
50040,Ann Arbor Area Transportation Authority,Full Reporter,Urban,MB,DO,139,40,179
50040,Ann Arbor Area Transportation Authority,Full Reporter,Urban,VP,PT,0,0,0
50043,Metropolitan Evansville Transit System,Full Reporter,Urban,DR,DO,5,9,14
50043,Metropolitan Evansville Transit System,Full Reporter,Urban,MB,DO,25,59,84
50044,Fort Wayne Public Transportation Corporation,Full Reporter,Urban,DR,DO,15,28,43
50044,Fort Wayne Public Transportation Corporation,Full Reporter,Urban,MB,DO,27,327,354
50045,Gary Public Transportation Corporation,Full Reporter,Urban,DR,DO,43,66,109
50045,Gary Public Transportation Corporation,Full Reporter,Urban,MB,DO,155,166,321
50047,Bloomington-Normal Public Transit System,Full Reporter,Urban,DR,DO,3,5,8
50047,Bloomington-Normal Public Transit System,Full Reporter,Urban,MB,DO,160,282,442
50050,Indianapolis and Marion County Public Transportation,Full Reporter,Urban,DR,PT,163,281,444
50050,Indianapolis and Marion County Public Transportation,Full Reporter,Urban,MB,DO,66072,51682,117754
50050,Indianapolis and Marion County Public Transportation,Full Reporter,Urban,RB,DO,0,0,0
50051,Greater Lafayette Public Transportation Corporation,Full Reporter,Urban,DR,DO,2,4,6
50051,Greater Lafayette Public Transportation Corporation,Full Reporter,Urban,MB,DO,22,0,22
50052,South Bend Public Transportation Corporation,Full Reporter,Urban,DR,DO,6,18,24
50052,South Bend Public Transportation Corporation,Full Reporter,Urban,MB,DO,76,144,220
50053,City of Terre Haute ,Full Reporter,Urban,DR,DO,44,33,77
50053,City of Terre Haute ,Full Reporter,Urban,MB,DO,39,43,82
50054,Muncie Indiana Transit System,Full Reporter,Urban,DR,DO,0,1,1
50054,Muncie Indiana Transit System,Full Reporter,Urban,MB,DO,1,39,40
50056,Greater Peoria Mass Transit District,Full Reporter,Urban,DR,PT,47,213,260
50056,Greater Peoria Mass Transit District,Full Reporter,Urban,MB,DO,730,309,1039
50057,Rock Island County Metropolitan Mass Transit District,Full Reporter,Urban,DR,DO,6,1,7
50057,Rock Island County Metropolitan Mass Transit District,Full Reporter,Urban,DR,PT,4,2,6
50057,Rock Island County Metropolitan Mass Transit District,Full Reporter,Urban,FB,PT,10,0,10
50057,Rock Island County Metropolitan Mass Transit District,Full Reporter,Urban,MB,DO,274,69,343
50058,Rockford Mass Transit District,Full Reporter,Urban,DR,DO,37,12,49
50058,Rockford Mass Transit District,Full Reporter,Urban,MB,DO,260,93,353
50059,Springfield Mass Transit District,Full Reporter,Urban,DR,DO,3,18,21
50059,Springfield Mass Transit District,Full Reporter,Urban,MB,DO,90,196,286
50060,Champaign-Urbana Mass Transit District,Full Reporter,Urban,DR,DO,7,17,24
50060,Champaign-Urbana Mass Transit District,Full Reporter,Urban,DR,PT,2,3,5
50060,Champaign-Urbana Mass Transit District,Full Reporter,Urban,MB,DO,79,704,783
50061,"City of Decatur, Il",Full Reporter,Urban,DR,DO,6,0,6
50061,"City of Decatur, Il",Full Reporter,Urban,MB,DO,196,60,256
50066,Chicago Transit Authority,Full Reporter,Urban,HR,DO,456,10067,10523
50066,Chicago Transit Authority,Full Reporter,Urban,MB,DO,10377,8388,18765
50092,"City of Rochester, Minnesota",Full Reporter,Urban,DR,PT,31,18,49
50092,"City of Rochester, Minnesota",Full Reporter,Urban,MB,PT,167,83,250
50096,City of Waukesha ,Full Reporter,Urban,CB,PT,7,10,17
50096,City of Waukesha ,Full Reporter,Urban,DR,DO,2,2,4
50096,City of Waukesha ,Full Reporter,Urban,DR,PT,0,7,7
50096,City of Waukesha ,Full Reporter,Urban,MB,DO,11,18,29
50096,City of Waukesha ,Full Reporter,Urban,MB,PT,29,25,54
50099,City of Eau Claire,Full Reporter,Urban,DR,PT,57,123,180
50099,City of Eau Claire,Full Reporter,Urban,MB,DO,56,50,106
50104,Northern Indiana Commuter Transportation District,Full Reporter,Urban,CR,DO,9,0,9
50110,Bloomington Public Transportation Corporation,Full Reporter,Urban,DR,DO,1,1,2
50110,Bloomington Public Transportation Corporation,Full Reporter,Urban,MB,DO,121,45,166
50113,Pace - Suburban Bus Division,Full Reporter,Urban,DR,DO,2,0,2
50113,Pace - Suburban Bus Division,Full Reporter,Urban,DR,PT,23,37,60
50113,Pace - Suburban Bus Division,Full Reporter,Urban,MB,DO,1553,576,2129
50113,Pace - Suburban Bus Division,Full Reporter,Urban,MB,PT,28,37,65
50113,Pace - Suburban Bus Division,Full Reporter,Urban,VP,DO,36,4,40
50117,Laketran,Full Reporter,Urban,CB,DO,9,2,11
50117,Laketran,Full Reporter,Urban,DR,DO,83,36,119
50117,Laketran,Full Reporter,Urban,MB,DO,33,11,44
50118,Northeast Illinois Regional Commuter Railroad Corporation,Full Reporter,Urban,CR,DO,115,0,115
50119,City of Detroit ,Full Reporter,Urban,DR,PT,15,7,22
50119,City of Detroit ,Full Reporter,Urban,MB,DO,1263,1540,2803
50141,Detroit Transportation Corporation,Full Reporter,Urban,MG,DO,96,183,279
50145,City of Kokomo,Full Reporter,Urban,DR,DO,3,7,10
50145,City of Kokomo,Full Reporter,Urban,MB,DO,8,3,11
50146,Madison County Transit District,Full Reporter,Urban,DR,PT,27,9,36
50146,Madison County Transit District,Full Reporter,Urban,MB,PT,163,56,219
50146,Madison County Transit District,Full Reporter,Urban,VP,DO,21,11,32
50148,Blue Water Area Transportation Commission,Full Reporter,Urban,CB,DO,0,1,1
50148,Blue Water Area Transportation Commission,Full Reporter,Urban,DR,DO,11,13,24
50148,Blue Water Area Transportation Commission,Full Reporter,Urban,DR,PT,41,79,120
50148,Blue Water Area Transportation Commission,Full Reporter,Urban,MB,DO,9,5,14
50149,Michiana Area Council of Governments,Full Reporter,Urban,DR,PT,1,1,2
50149,Michiana Area Council of Governments,Full Reporter,Urban,MB,PT,42,11,53
50154,Metropolitan Council,Full Reporter,Urban,DR,PT,411,388,799
50154,Metropolitan Council,Full Reporter,Urban,MB,PT,219,118,337
50154,Metropolitan Council,Full Reporter,Urban,VP,PT,0,1,1
50157,Butler County Regional Transit Authority,Full Reporter,Urban,CB,DO,7,0,7
50157,Butler County Regional Transit Authority,Full Reporter,Urban,DR,DO,3,2,5
50157,Butler County Regional Transit Authority,Full Reporter,Urban,MB,DO,8,3,11
50158,University of Michigan Parking and Transportation Services,Full Reporter,Urban,MB,DO,70,306,376
50159,River Valley Metro Mass Transit District,Full Reporter,Urban,CB,PT,7,69,76
50159,River Valley Metro Mass Transit District,Full Reporter,Urban,DR,PT,5,12,17
50159,River Valley Metro Mass Transit District,Full Reporter,Urban,MB,PT,130,465,595
50160,County of Washington,Full Reporter,Urban,CB,PT,5,6,11
50160,County of Washington,Full Reporter,Urban,DR,PT,4,7,11
50161,Ozaukee County ,Full Reporter,Urban,CB,PT,29,25,54
50161,Ozaukee County ,Full Reporter,Urban,DR,PT,3,14,17
50163,"Licking County, Ohio",Full Reporter,Urban,DR,DO,12,13,25
50165,Greene County Transit Board,Full Reporter,Urban,DR,PT,20,6,26
50169,"Miami County, Ohio ",Full Reporter,Urban,DR,PT,0,6,6
50176,City of DeKalb,Full Reporter,Urban,MB,PT,6,0,6
50182,"Pace-Suburban Bus Division, ADA Paratransit Services",Full Reporter,Urban,DR,PT,632,737,1369
50184,Macatawa Area Express Transportation Authority,Full Reporter,Urban,DR,DO,32,118,150
50184,Macatawa Area Express Transportation Authority,Full Reporter,Urban,MB,DO,14,76,90
50191,Mid-Ohio Regional Planning Commission,Full Reporter,Urban,VP,PT,0,0,0
50193,Enterprise Rideshare - Michigan,Full Reporter,Urban,VP,DO,0,0,0
50198,Medina County Public Transit,Full Reporter,Urban,DR,DO,2,11,13
50198,Medina County Public Transit,Full Reporter,Urban,MB,DO,5,3,8
50199,Delaware County Transit Board,Full Reporter,Urban,DR,DO,3,1,4
50199,Delaware County Transit Board,Full Reporter,Urban,MB,DO,2,0,2
50204,Jackson County Mass Transit District,Full Reporter,Urban,MB,DO,8,0,8
50209,Central Indiana Regional Transportation Authority ,Full Reporter,Urban,CB,PT,0,0,0
50209,Central Indiana Regional Transportation Authority ,Full Reporter,Urban,VP,PT,0,0,0
50211,Rides Mass Transit District,Full Reporter,Urban,MB,DO,65,16,81
50213,M-1 Rail,Full Reporter,Urban,SR,PT,34,75,109
50342,LINK Hendricks County,Full Reporter,Urban,DR,DO,9,82,91
50515,University of Minnesota Transit,Full Reporter,Urban,DR,DO,3,21,24
50515,University of Minnesota Transit,Full Reporter,Urban,MB,PT,35,28,63
50516,City of Plymouth,Full Reporter,Urban,DR,PT,3,0,3
50516,City of Plymouth,Full Reporter,Urban,MB,PT,9,1,10
50517,City of Maple Grove,Full Reporter,Urban,DR,PT,2,0,2
50517,City of Maple Grove,Full Reporter,Urban,MB,PT,0,7,7
50518,SouthWest Transit,Full Reporter,Urban,DR,PT,8,7,15
50518,SouthWest Transit,Full Reporter,Urban,MB,PT,31,98,129
50519,Minnesota Valley Transit Authority,Full Reporter,Urban,MB,PT,384,280,664
50521,Chicago Water Taxi (Wendella),Full Reporter,Urban,FB,DO,0,1,1
50522,Lake Erie Transportation Commission,Full Reporter,Urban,DR,DO,33,220,253
50522,Lake Erie Transportation Commission,Full Reporter,Urban,MB,DO,28,198,226
55312,City of Milwaukee,Full Reporter,Urban,SR,PT,22,2,24
60006,City of El Paso,Full Reporter,Urban,DR,PT,35,106,141
60006,City of El Paso,Full Reporter,Urban,MB,DO,60,39,99
60006,City of El Paso,Full Reporter,Urban,SR,DO,9,74,83
60007,Fort Worth Transportation Authority,Full Reporter,Urban,CR,PT,0,0,0
60007,Fort Worth Transportation Authority,Full Reporter,Urban,DR,DO,10,907,917
60007,Fort Worth Transportation Authority,Full Reporter,Urban,DR,PT,0,0,0
60007,Fort Worth Transportation Authority,Full Reporter,Urban,MB,DO,20,3432,3452
60007,Fort Worth Transportation Authority,Full Reporter,Urban,MB,PT,0,0,0
60007,Fort Worth Transportation Authority,Full Reporter,Urban,VP,PT,0,0,0
60008,"Metropolitan Transit Authority of Harris County, Texas ",Full Reporter,Urban,CB,DO,411,151,562
60008,"Metropolitan Transit Authority of Harris County, Texas ",Full Reporter,Urban,CB,PT,65,22,87
60008,"Metropolitan Transit Authority of Harris County, Texas ",Full Reporter,Urban,DR,PT,472,592,1064
60008,"Metropolitan Transit Authority of Harris County, Texas ",Full Reporter,Urban,LR,DO,26,31,57
60008,"Metropolitan Transit Authority of Harris County, Texas ",Full Reporter,Urban,MB,DO,3764,1308,5072
60008,"Metropolitan Transit Authority of Harris County, Texas ",Full Reporter,Urban,MB,PT,405,164,569
60008,"Metropolitan Transit Authority of Harris County, Texas ",Full Reporter,Urban,VP,DO,10,6,16
60009,"Laredo Transit Management, Inc.",Full Reporter,Urban,DR,DO,3,4,7
60009,"Laredo Transit Management, Inc.",Full Reporter,Urban,MB,DO,22,24,46
60010,City of Lubbock,Full Reporter,Urban,DR,DO,11,90,101
60010,City of Lubbock,Full Reporter,Urban,MB,DO,26,297,323
60011,VIA Metropolitan Transit,Full Reporter,Urban,DR,DO,712,86,798
60011,VIA Metropolitan Transit,Full Reporter,Urban,DR,PT,46,82,128
60011,VIA Metropolitan Transit,Full Reporter,Urban,MB,DO,2458,3553,6011
60011,VIA Metropolitan Transit,Full Reporter,Urban,VP,PT,0,0,0
60012,City of Waco,Full Reporter,Urban,DR,DO,57,93,150
60012,City of Waco,Full Reporter,Urban,MB,DO,95,87,182
60014,City of Brownsville ,Full Reporter,Urban,CB,DO,0,0,0
60014,City of Brownsville ,Full Reporter,Urban,DR,DO,14,2,16
60014,City of Brownsville ,Full Reporter,Urban,MB,DO,196,17,213
60016,City of Beaumont,Full Reporter,Urban,DR,PT,5,16,21
60016,City of Beaumont,Full Reporter,Urban,MB,PT,9,21,30
60017,Central Oklahoma Transportation and Parking Authority,Full Reporter,Urban,DR,DO,4,0,4
60017,Central Oklahoma Transportation and Parking Authority,Full Reporter,Urban,FB,PT,2,0,2
60017,Central Oklahoma Transportation and Parking Authority,Full Reporter,Urban,MB,DO,115,112,227
60017,Central Oklahoma Transportation and Parking Authority,Full Reporter,Urban,SR,PT,19,133,152
60017,Central Oklahoma Transportation and Parking Authority,Full Reporter,Urban,VP,PT,0,0,0
60018,Metropolitan Tulsa Transit Authority,Full Reporter,Urban,DR,PT,58,0,58
60018,Metropolitan Tulsa Transit Authority,Full Reporter,Urban,MB,DO,265,61,326
60018,Metropolitan Tulsa Transit Authority,Full Reporter,Urban,MB,PT,27,0,27
60019,City of Albuquerque,Full Reporter,Urban,DR,DO,2,14,16
60019,City of Albuquerque,Full Reporter,Urban,MB,DO,455,509,964
60022,Capital Area Transit System,Full Reporter,Urban,DR,PT,51,0,51
60022,Capital Area Transit System,Full Reporter,Urban,MB,DO,518,161,679
60024,City of Shreveport,Full Reporter,Urban,DR,DO,32,29,61
60024,City of Shreveport,Full Reporter,Urban,MB,DO,411,683,1094
60032,New Orleans Regional Transit Authority,Full Reporter,Urban,DR,PT,9,84,93
60032,New Orleans Regional Transit Authority,Full Reporter,Urban,FB,PT,8,7,15
60032,New Orleans Regional Transit Authority,Full Reporter,Urban,MB,PT,764,869,1633
60032,New Orleans Regional Transit Authority,Full Reporter,Urban,SR,PT,29,118,147
60033,Rock Region Metropolitan Transit Authority,Full Reporter,Urban,DR,DO,17,32,49
60033,Rock Region Metropolitan Transit Authority,Full Reporter,Urban,DR,PT,0,0,0
60033,Rock Region Metropolitan Transit Authority,Full Reporter,Urban,MB,DO,171,274,445
60033,Rock Region Metropolitan Transit Authority,Full Reporter,Urban,SR,DO,12,16,28
60038,Lafayette City-Parish Consolidated Government,Full Reporter,Urban,DR,PT,3,14,17
60038,Lafayette City-Parish Consolidated Government,Full Reporter,Urban,MB,DO,48,384,432
60041,City of Arlington,Full Reporter,Urban,DR,DO,2,12,14
60048,Capital Metropolitan Transportation Authority,Full Reporter,Urban,CB,PT,31,4,35
60048,Capital Metropolitan Transportation Authority,Full Reporter,Urban,DR,PT,241,146,387
60048,Capital Metropolitan Transportation Authority,Full Reporter,Urban,MB,PT,3971,597,4568
60048,Capital Metropolitan Transportation Authority,Full Reporter,Urban,VP,PT,10,0,10
60048,Capital Metropolitan Transportation Authority,Full Reporter,Urban,YR,PT,5,0,5
60051,Corpus Christi Regional Transportation Authority,Full Reporter,Urban,DR,DO,9,8,17
60051,Corpus Christi Regional Transportation Authority,Full Reporter,Urban,DR,PT,129,24,153
60051,Corpus Christi Regional Transportation Authority,Full Reporter,Urban,MB,DO,68,67,135
60051,Corpus Christi Regional Transportation Authority,Full Reporter,Urban,MB,PT,81,36,117
60051,Corpus Christi Regional Transportation Authority,Full Reporter,Urban,VP,PT,0,0,0
60056,Dallas Area Rapid Transit,Full Reporter,Urban,CR,PT,35,0,35
60056,Dallas Area Rapid Transit,Full Reporter,Urban,DR,PT,30,212,242
60056,Dallas Area Rapid Transit,Full Reporter,Urban,LR,DO,220,51,271
60056,Dallas Area Rapid Transit,Full Reporter,Urban,MB,DO,3117,2237,5354
60056,Dallas Area Rapid Transit,Full Reporter,Urban,SR,DO,6,5,11
60056,Dallas Area Rapid Transit,Full Reporter,Urban,VP,PT,0,0,0
60059,Brazos Transit District,Full Reporter,Urban,DR,DO,6,6,12
60059,Brazos Transit District,Full Reporter,Urban,MB,DO,100,32,132
60077,City of Santa Fe,Full Reporter,Urban,DR,DO,4,6,10
60077,City of Santa Fe,Full Reporter,Urban,MB,DO,22,45,67
60088,Jefferson Parish,Full Reporter,Urban,DR,PT,1,0,1
60088,Jefferson Parish,Full Reporter,Urban,MB,PT,12,9,21
60090,Lower Rio Grande Valley Development Council,Full Reporter,Urban,DR,DO,0,0,0
60090,Lower Rio Grande Valley Development Council,Full Reporter,Urban,MB,DO,7,23,30
60091,Hill Country Transit District,Full Reporter,Urban,DR,DO,60,9,69
60091,Hill Country Transit District,Full Reporter,Urban,MB,DO,49,6,55
60101,Denton County Transportation Authority,Full Reporter,Urban,DR,DO,49,11,60
60101,Denton County Transportation Authority,Full Reporter,Urban,MB,DO,187,53,240
60101,Denton County Transportation Authority,Full Reporter,Urban,VP,PT,0,0,0
60101,Denton County Transportation Authority,Full Reporter,Urban,YR,PT,3,0,3
60102,Concho Valley Transit District,Full Reporter,Urban,DR,DO,14,44,58
60102,Concho Valley Transit District,Full Reporter,Urban,MB,DO,12,41,53
60103,"Fort Bend County, Texas",Full Reporter,Urban,CB,PT,60,39,99
60103,"Fort Bend County, Texas",Full Reporter,Urban,DR,PT,59,72,131
60103,"Fort Bend County, Texas",Full Reporter,Urban,MB,PT,9,14,23
60107,"Texoma Area Paratransit System, Inc",Full Reporter,Urban,DR,PT,6,14,20
60111,Rio Metro Regional Transit District,Full Reporter,Urban,CB,DO,0,0,0
60111,Rio Metro Regional Transit District,Full Reporter,Urban,CB,PT,0,0,0
60111,Rio Metro Regional Transit District,Full Reporter,Urban,CR,PT,11,0,11
60111,Rio Metro Regional Transit District,Full Reporter,Urban,DR,DO,4,2,6
60111,Rio Metro Regional Transit District,Full Reporter,Urban,MB,DO,0,0,0
60114,STAR Transit,Full Reporter,Urban,DR,DO,101,102,203
60114,STAR Transit,Full Reporter,Urban,MB,DO,26,12,38
60127,Plaquemines Parish Government,Full Reporter,Urban,DR,DO,0,2,2
60127,Plaquemines Parish Government,Full Reporter,Urban,FB,DO,1,0,1
60130,Alamo Area Council of Governments,Full Reporter,Urban,DR,DO,17,57,74
60133,McKinney Avenue Transit Authority,Full Reporter,Urban,SR,DO,9,0,9
60134,The Woodlands Township,Full Reporter,Urban,CB,PT,13,4,17
60134,The Woodlands Township,Full Reporter,Urban,MB,PT,17,32,49
60269,Texas State University,Full Reporter,Urban,MB,PT,10,76,86
66339,New Mexico Department of Transportation,Full Reporter,Urban,VP,PT,0,0,0
70001,City of Lincoln,Full Reporter,Urban,DR,DO,12,3,15
70001,City of Lincoln,Full Reporter,Urban,MB,DO,325,127,452
70002,Transit Authority of Omaha,Full Reporter,Urban,DR,DO,9,170,179
70002,Transit Authority of Omaha,Full Reporter,Urban,MB,DO,140,2781,2921
70003,City of Springfield,Full Reporter,Urban,DR,DO,8,2,10
70003,City of Springfield,Full Reporter,Urban,MB,DO,59,60,119
70005,Kansas City Area Transportation Authority,Full Reporter,Urban,DR,DO,21,7,28
70005,Kansas City Area Transportation Authority,Full Reporter,Urban,DR,PT,32,27,59
70005,Kansas City Area Transportation Authority,Full Reporter,Urban,MB,DO,542,147,689
70005,Kansas City Area Transportation Authority,Full Reporter,Urban,RB,DO,81,10,91
70005,Kansas City Area Transportation Authority,Full Reporter,Urban,VP,PT,0,0,0
70006,Bi-State Development Agency of the Missouri-Illinois Metropolitan District,Full Reporter,Urban,DR,DO,159,58,217
70006,Bi-State Development Agency of the Missouri-Illinois Metropolitan District,Full Reporter,Urban,LR,DO,309,110,419
70006,Bi-State Development Agency of the Missouri-Illinois Metropolitan District,Full Reporter,Urban,MB,DO,374,113,487
70008,City of Cedar Rapids,Full Reporter,Urban,DR,PT,6,15,21
70008,City of Cedar Rapids,Full Reporter,Urban,MB,DO,33,86,119
70010,Des Moines Area Regional Transit Authority,Full Reporter,Urban,DR,DO,30,10,40
70010,Des Moines Area Regional Transit Authority,Full Reporter,Urban,MB,DO,377,213,590
70010,Des Moines Area Regional Transit Authority,Full Reporter,Urban,VP,DO,3,0,3
70012,City of Sioux City,Full Reporter,Urban,DR,PT,1,0,1
70012,City of Sioux City,Full Reporter,Urban,MB,DO,44,66,110
70014,Topeka Metropolitan Transit Authority,Full Reporter,Urban,DR,DO,7,4,11
70014,Topeka Metropolitan Transit Authority,Full Reporter,Urban,MB,DO,26,24,50
70015,City of Wichita ,Full Reporter,Urban,DR,DO,8,0,8
70015,City of Wichita ,Full Reporter,Urban,MB,DO,228,188,416
70016,City of Columbia,Full Reporter,Urban,DR,DO,10,7,17
70016,City of Columbia,Full Reporter,Urban,MB,DO,83,219,302
70018,City of Iowa City,Full Reporter,Urban,DR,PT,51,57,108
70018,City of Iowa City,Full Reporter,Urban,MB,DO,12,74,86
70019,University of Iowa,Full Reporter,Urban,DR,DO,3,14,17
70019,University of Iowa,Full Reporter,Urban,MB,DO,11,62,73
70030,City of Coralville,Full Reporter,Urban,DR,PT,9,12,21
70030,City of Coralville,Full Reporter,Urban,MB,DO,8,15,23
70035,Johnson County Kansas,Full Reporter,Urban,CB,PT,25,10,35
70035,Johnson County Kansas,Full Reporter,Urban,DR,PT,4,3,7
70035,Johnson County Kansas,Full Reporter,Urban,MB,PT,59,16,75
70041,Ames Transit Agency,Full Reporter,Urban,DR,PT,7,22,29
70041,Ames Transit Agency,Full Reporter,Urban,MB,DO,32,271,303
70041,Ames Transit Agency,Full Reporter,Urban,MB,PT,5,12,17
70044,University of Kansas,Full Reporter,Urban,MB,PT,27,33,60
70048,City of Lawrence,Full Reporter,Urban,DR,PT,8,8,16
70048,City of Lawrence,Full Reporter,Urban,MB,PT,23,8,31
70049,River Bend Transit,Full Reporter,Urban,DR,DO,47,2,49
70049,River Bend Transit,Full Reporter,Urban,DR,PT,20,1,21
70049,River Bend Transit,Full Reporter,Urban,MB,PT,3,1,4
70271,"Kansas City, City of Missouri",Full Reporter,Urban,SR,PT,83,413,496
80001,Utah Transit Authority,Full Reporter,Urban,CB,DO,54,30,84
80001,Utah Transit Authority,Full Reporter,Urban,CR,DO,96,10,106
80001,Utah Transit Authority,Full Reporter,Urban,DR,DO,39,27,66
80001,Utah Transit Authority,Full Reporter,Urban,DR,PT,17,23,40
80001,Utah Transit Authority,Full Reporter,Urban,LR,DO,246,195,441
80001,Utah Transit Authority,Full Reporter,Urban,MB,DO,806,651,1457
80001,Utah Transit Authority,Full Reporter,Urban,MB,PT,0,0,0
80001,Utah Transit Authority,Full Reporter,Urban,VP,DO,2,2,4
80002,Su Tran LLC dba: Sioux Area Metro,Full Reporter,Urban,DR,DO,90,24,114
80002,Su Tran LLC dba: Sioux Area Metro,Full Reporter,Urban,MB,DO,62,39,101
80003,City of Fargo,Full Reporter,Urban,DR,PT,4,15,19
80003,City of Fargo,Full Reporter,Urban,MB,PT,32,59,91
80004,City of Billings,Full Reporter,Urban,DR,DO,97,75,172
80004,City of Billings,Full Reporter,Urban,MB,DO,516,141,657
80005,City of Colorado Springs,Full Reporter,Urban,DR,PT,40,7,47
80005,City of Colorado Springs,Full Reporter,Urban,MB,PT,282,104,386
80005,City of Colorado Springs,Full Reporter,Urban,VP,DO,13,0,13
80006,Denver Regional Transportation District,Full Reporter,Urban,CR,PT,168,146,314
80006,Denver Regional Transportation District,Full Reporter,Urban,DR,PT,74,63,137
80006,Denver Regional Transportation District,Full Reporter,Urban,LR,DO,341,403,744
80006,Denver Regional Transportation District,Full Reporter,Urban,MB,DO,606,698,1304
80006,Denver Regional Transportation District,Full Reporter,Urban,MB,PT,315,518,833
80007,City of Pueblo,Full Reporter,Urban,DR,PT,13,13,26
80007,City of Pueblo,Full Reporter,Urban,MB,DO,28,23,51
80008,Cities Area Transit,Full Reporter,Urban,DR,PT,0,95,95
80008,Cities Area Transit,Full Reporter,Urban,MB,DO,1,79,80
80009,Missoula Urban Transportation District,Full Reporter,Urban,DR,DO,5,3,8
80009,Missoula Urban Transportation District,Full Reporter,Urban,MB,DO,66,75,141
80011,City of Fort Collins,Full Reporter,Urban,DR,PT,0,0,0
80011,City of Fort Collins,Full Reporter,Urban,MB,DO,97,127,224
80011,City of Fort Collins,Full Reporter,Urban,MB,PT,3,0,3
80011,City of Fort Collins,Full Reporter,Urban,RB,DO,61,74,135
80012,Great Falls Transit District,Full Reporter,Urban,DR,DO,5,0,5
80012,Great Falls Transit District,Full Reporter,Urban,MB,DO,79,25,104
80025,"City of Loveland, Colorado",Full Reporter,Urban,MB,DO,15,116,131
80028,Cache Valley Transit District,Full Reporter,Urban,DR,DO,3,17,20
80028,Cache Valley Transit District,Full Reporter,Urban,MB,DO,60,119,179
80106,North Front Range Transportation and Air Quality Planning Council,Full Reporter,Urban,VP,DO,1,0,1
80107,University of Montana,Full Reporter,Urban,MB,DO,14,18,32
80109,Enterprise - Denver,Full Reporter,Urban,VP,DO,0,0,0
90001,Regional Transportation Commission of Washoe County,Full Reporter,Urban,CB,PT,7,0,7
90001,Regional Transportation Commission of Washoe County,Full Reporter,Urban,DR,PT,19,23,42
90001,Regional Transportation Commission of Washoe County,Full Reporter,Urban,MB,PT,121,10,131
90001,Regional Transportation Commission of Washoe County,Full Reporter,Urban,VP,PT,0,0,0
90002,City and County of Honolulu,Full Reporter,Urban,DR,PT,592,779,1371
90002,City and County of Honolulu,Full Reporter,Urban,MB,PT,1960,3008,4968
90002,City and County of Honolulu,Full Reporter,Urban,VP,PT,0,0,0
90003,San Francisco Bay Area Rapid Transit District,Full Reporter,Urban,HR,DO,156,39,195
90003,San Francisco Bay Area Rapid Transit District,Full Reporter,Urban,MG,PT,0,3,3
90003,San Francisco Bay Area Rapid Transit District,Full Reporter,Urban,YR,DO,30,68,98
90004,Golden Empire Transit District,Full Reporter,Urban,DR,DO,19,9,28
90004,Golden Empire Transit District,Full Reporter,Urban,MB,DO,351,257,608
90006,Santa Cruz Metropolitan Transit District,Full Reporter,Urban,CB,DO,57,0,57
90006,Santa Cruz Metropolitan Transit District,Full Reporter,Urban,DR,DO,13,0,13
90006,Santa Cruz Metropolitan Transit District,Full Reporter,Urban,MB,DO,198,1,199
90007,City of Modesto ,Full Reporter,Urban,DR,PT,20,18,38
90007,City of Modesto ,Full Reporter,Urban,MB,PT,34,2,36
90008,City of Santa Monica,Full Reporter,Urban,DR,PT,0,0,0
90008,City of Santa Monica,Full Reporter,Urban,MB,DO,359,217,576
90009,San Mateo County Transit District,Full Reporter,Urban,DR,PT,29,2,31
90009,San Mateo County Transit District,Full Reporter,Urban,MB,DO,214,5,219
90009,San Mateo County Transit District,Full Reporter,Urban,MB,PT,74,31,105
90010,City of Torrance,Full Reporter,Urban,MB,DO,157,348,505
90012,San Joaquin Regional Transit District,Full Reporter,Urban,CB,PT,65,3,68
90012,San Joaquin Regional Transit District,Full Reporter,Urban,DR,PT,2,0,2
90012,San Joaquin Regional Transit District,Full Reporter,Urban,MB,DO,13,205,218
90012,San Joaquin Regional Transit District,Full Reporter,Urban,MB,PT,108,13,121
90013,Santa Clara Valley Transportation Authority,Full Reporter,Urban,DR,PT,80,3,83
90013,Santa Clara Valley Transportation Authority,Full Reporter,Urban,LR,DO,52,482,534
90013,Santa Clara Valley Transportation Authority,Full Reporter,Urban,MB,DO,1620,320,1940
90013,Santa Clara Valley Transportation Authority,Full Reporter,Urban,MB,PT,0,0,0
90014,Alameda-Contra Costa Transit District,Full Reporter,Urban,CB,DO,169,64,233
90014,Alameda-Contra Costa Transit District,Full Reporter,Urban,DR,DO,9,4,13
90014,Alameda-Contra Costa Transit District,Full Reporter,Urban,DR,PT,161,150,311
90014,Alameda-Contra Costa Transit District,Full Reporter,Urban,MB,DO,1662,1600,3262
90014,Alameda-Contra Costa Transit District,Full Reporter,Urban,MB,PT,0,0,0
90015,City and County of San Francisco,Full Reporter,Urban,CC,DO,322,733,1055
90015,City and County of San Francisco,Full Reporter,Urban,DR,PT,88,12,100
90015,City and County of San Francisco,Full Reporter,Urban,LR,DO,998,5283,6281
90015,City and County of San Francisco,Full Reporter,Urban,MB,DO,1438,47,1485
90015,City and County of San Francisco,Full Reporter,Urban,SR,DO,195,860,1055
90015,City and County of San Francisco,Full Reporter,Urban,TB,DO,668,62,730
90016,"Golden Gate Bridge, Highway and Transportation District",Full Reporter,Urban,DR,PT,10,2,12
90016,"Golden Gate Bridge, Highway and Transportation District",Full Reporter,Urban,FB,DO,12,0,12
90016,"Golden Gate Bridge, Highway and Transportation District",Full Reporter,Urban,MB,DO,83,101,184
90017,City of Santa Rosa,Full Reporter,Urban,DR,PT,8,8,16
90017,City of Santa Rosa,Full Reporter,Urban,MB,DO,36,5,41
90017,City of Santa Rosa,Full Reporter,Urban,MB,PT,3,3,6
90019,Sacramento Regional Transit District,Full Reporter,Urban,DR,DO,12,13,25
90019,Sacramento Regional Transit District,Full Reporter,Urban,LR,DO,392,148,540
90019,Sacramento Regional Transit District,Full Reporter,Urban,MB,DO,636,144,780
90020,Santa Barbara Metropolitan Transit District,Full Reporter,Urban,MB,DO,129,342,471
90022,City of Norwalk ,Full Reporter,Urban,DR,PT,35,96,131
90022,City of Norwalk ,Full Reporter,Urban,MB,DO,136,284,420
90023,Long Beach Transit,Full Reporter,Urban,DR,PT,13,1,14
90023,Long Beach Transit,Full Reporter,Urban,MB,DO,1483,541,2024
90024,City of La Mirada ,Full Reporter,Urban,DR,PT,6,0,6
90026,San Diego Metropolitan Transit System,Full Reporter,Urban,CB,PT,47,11,58
90026,San Diego Metropolitan Transit System,Full Reporter,Urban,DR,PT,127,6,133
90026,San Diego Metropolitan Transit System,Full Reporter,Urban,LR,DO,376,486,862
90026,San Diego Metropolitan Transit System,Full Reporter,Urban,MB,DO,694,34,728
90026,San Diego Metropolitan Transit System,Full Reporter,Urban,MB,PT,1558,324,1882
90027,City of Fresno,Full Reporter,Urban,DR,PT,26,73,99
90027,City of Fresno,Full Reporter,Urban,MB,DO,339,137,476
90029,Omnitrans,Full Reporter,Urban,DR,PT,75,30,105
90029,Omnitrans,Full Reporter,Urban,MB,DO,161,118,279
90029,Omnitrans,Full Reporter,Urban,MB,PT,18,7,25
90030,North County Transit District,Full Reporter,Urban,CR,PT,29,10,39
90030,North County Transit District,Full Reporter,Urban,DR,PT,67,2,69
90030,North County Transit District,Full Reporter,Urban,MB,PT,556,22,578
90030,North County Transit District,Full Reporter,Urban,YR,PT,138,90,228
90031,Riverside Transit Agency,Full Reporter,Urban,CB,DO,39,5,44
90031,Riverside Transit Agency,Full Reporter,Urban,CB,PT,29,43,72
90031,Riverside Transit Agency,Full Reporter,Urban,DR,PT,26,20,46
90031,Riverside Transit Agency,Full Reporter,Urban,MB,DO,291,62,353
90031,Riverside Transit Agency,Full Reporter,Urban,MB,PT,210,305,515
90032,City of Phoenix Public Transit Department ,Full Reporter,Urban,DR,PT,179,156,335
90032,City of Phoenix Public Transit Department ,Full Reporter,Urban,MB,PT,1118,45,1163
90033,City of Tucson,Full Reporter,Urban,DR,PT,74,22,96
90033,City of Tucson,Full Reporter,Urban,MB,PT,879,448,1327
90033,City of Tucson,Full Reporter,Urban,SR,PT,12,50,62
90034,City of Glendale ,Full Reporter,Urban,DR,DO,31,0,31
90034,City of Glendale ,Full Reporter,Urban,MB,DO,7,0,7
90035,Gold Coast Transit District,Full Reporter,Urban,DR,PT,13,13,26
90035,Gold Coast Transit District,Full Reporter,Urban,MB,DO,76,263,339
90036,Orange County Transportation Authority,Full Reporter,Urban,CB,DO,11,2,13
90036,Orange County Transportation Authority,Full Reporter,Urban,CB,PT,66,9,75
90036,Orange County Transportation Authority,Full Reporter,Urban,DR,PT,137,97,234
90036,Orange County Transportation Authority,Full Reporter,Urban,MB,DO,742,439,1181
90036,Orange County Transportation Authority,Full Reporter,Urban,MB,PT,860,166,1026
90036,Orange County Transportation Authority,Full Reporter,Urban,VP,PT,0,40,40
90039,City of Culver City,Full Reporter,Urban,DR,DO,0,6,6
90039,City of Culver City,Full Reporter,Urban,MB,DO,17,187,204
90041,City of Montebello,Full Reporter,Urban,MB,DO,25,197,222
90041,City of Montebello,Full Reporter,Urban,MB,PT,0,0,0
90042,City of Gardena,Full Reporter,Urban,DR,DO,1,0,1
90042,City of Gardena,Full Reporter,Urban,MB,DO,344,170,514
90043,City of Commerce,Full Reporter,Urban,DR,DO,0,3,3
90043,City of Commerce,Full Reporter,Urban,MB,DO,0,4,4
90045,Regional Transportation Commission of Southern Nevada,Full Reporter,Urban,DR,PT,394,14,408
90045,Regional Transportation Commission of Southern Nevada,Full Reporter,Urban,MB,PT,898,374,1272
90061,Yuba-Sutter Transit Authority,Full Reporter,Urban,CB,PT,4,7,11
90061,Yuba-Sutter Transit Authority,Full Reporter,Urban,DR,PT,30,20,50
90061,Yuba-Sutter Transit Authority,Full Reporter,Urban,MB,PT,49,19,68
90062,Monterey-Salinas Transit,Full Reporter,Urban,DR,PT,24,6,30
90062,Monterey-Salinas Transit,Full Reporter,Urban,MB,DO,148,42,190
90062,Monterey-Salinas Transit,Full Reporter,Urban,MB,PT,23,8,31
90078,Central Contra Costa Transit Authority,Full Reporter,Urban,DR,PT,8,20,28
90078,Central Contra Costa Transit Authority,Full Reporter,Urban,MB,DO,121,47,168
90078,Central Contra Costa Transit Authority,Full Reporter,Urban,MB,PT,0,1,1
90079,SunLine Transit Agency,Full Reporter,Urban,DR,DO,63,8,71
90079,SunLine Transit Agency,Full Reporter,Urban,MB,DO,563,61,624
90079,SunLine Transit Agency,Full Reporter,Urban,VP,PT,0,0,0
90086,City of Riverside,Full Reporter,Urban,DR,DO,9,3,12
90087,City of Santa Maria,Full Reporter,Urban,DR,PT,0,1,1
90087,City of Santa Maria,Full Reporter,Urban,MB,PT,3,23,26
90088,Napa Valley Transportation Authority,Full Reporter,Urban,CB,PT,4,7,11
90088,Napa Valley Transportation Authority,Full Reporter,Urban,DR,PT,0,8,8
90088,Napa Valley Transportation Authority,Full Reporter,Urban,MB,PT,13,19,32
90089,County of Sonoma ,Full Reporter,Urban,DR,PT,10,1,11
90089,County of Sonoma ,Full Reporter,Urban,MB,PT,71,17,88
90090,Yolo County Transportation District,Full Reporter,Urban,DR,PT,6,8,14
90090,Yolo County Transportation District,Full Reporter,Urban,MB,PT,114,114,228
90091,City of Visalia  ,Full Reporter,Urban,CB,PT,2,2,4
90091,City of Visalia  ,Full Reporter,Urban,DR,PT,2,19,21
90091,City of Visalia  ,Full Reporter,Urban,MB,PT,64,128,192
90092,"City of Fairfield, California",Full Reporter,Urban,CB,PT,96,13,109
90092,"City of Fairfield, California",Full Reporter,Urban,DR,PT,2,1,3
90092,"City of Fairfield, California",Full Reporter,Urban,MB,PT,110,21,131
90093,Redding Area Bus Authority,Full Reporter,Urban,DR,PT,7,8,15
90093,Redding Area Bus Authority,Full Reporter,Urban,MB,PT,13,20,33
90094,Metropolitan Transportation Commission,Full Reporter,Urban,VP,PT,0,0,0
90095,San Diego Association of Governments,Full Reporter,Urban,VP,PT,2,73,75
90119,City of Laguna Beach,Full Reporter,Urban,MB,DO,54,102,156
90121,Antelope Valley Transit Authority,Full Reporter,Urban,CB,PT,73,13,86
90121,Antelope Valley Transit Authority,Full Reporter,Urban,DR,PT,0,1,1
90121,Antelope Valley Transit Authority,Full Reporter,Urban,MB,PT,304,112,416
90131,City of Scottsdale ,Full Reporter,Urban,MB,PT,14,137,151
90134,Peninsula Corridor Joint Powers Board,Full Reporter,Urban,CR,PT,28,8,36
90134,Peninsula Corridor Joint Powers Board,Full Reporter,Urban,MB,PT,27,17,44
90136,Regional Public Transportation Authority,Full Reporter,Urban,MB,PT,1680,826,2506
90136,Regional Public Transportation Authority,Full Reporter,Urban,VP,PT,1,10,11
90140,City of Peoria ,Full Reporter,Urban,DR,DO,8,6,14
90142,"University of California, Davis",Full Reporter,Urban,MB,DO,84,36,120
90144,Livermore / Amador Valley Transit Authority,Full Reporter,Urban,DR,PT,6,7,13
90144,Livermore / Amador Valley Transit Authority,Full Reporter,Urban,MB,PT,130,55,185
90146,Foothill Transit,Full Reporter,Urban,MB,PT,99,652,751
90147,City of Los Angeles,Full Reporter,Urban,CB,PT,11,132,143
90147,City of Los Angeles,Full Reporter,Urban,DR,PT,0,16,16
90147,City of Los Angeles,Full Reporter,Urban,MB,PT,4,1428,1432
90148,Victor Valley Transit Authority,Full Reporter,Urban,CB,PT,6,2,8
90148,Victor Valley Transit Authority,Full Reporter,Urban,DR,PT,47,9,56
90148,Victor Valley Transit Authority,Full Reporter,Urban,MB,PT,367,215,582
90148,Victor Valley Transit Authority,Full Reporter,Urban,VP,PT,3,0,3
90151,Southern California Regional Rail Authority,Full Reporter,Urban,CR,PT,76,0,76
90154,Los Angeles County Metropolitan Transportation Authority ,Full Reporter,Urban,HR,DO,104,13,117
90154,Los Angeles County Metropolitan Transportation Authority ,Full Reporter,Urban,LR,DO,447,73,520
90154,Los Angeles County Metropolitan Transportation Authority ,Full Reporter,Urban,MB,DO,7072,11323,18395
90154,Los Angeles County Metropolitan Transportation Authority ,Full Reporter,Urban,MB,PT,733,410,1143
90154,Los Angeles County Metropolitan Transportation Authority ,Full Reporter,Urban,RB,DO,204,443,647
90154,Los Angeles County Metropolitan Transportation Authority ,Full Reporter,Urban,VP,PT,0,16,16
90156,City of San Luis Obispo,Full Reporter,Urban,MB,PT,4,105,109
90157,Access Services  ,Full Reporter,Urban,DR,PT,656,153,809
90159,Western Contra Costa Transit Authority,Full Reporter,Urban,CB,PT,3,6,9
90159,Western Contra Costa Transit Authority,Full Reporter,Urban,DR,PT,1,1,2
90159,Western Contra Costa Transit Authority,Full Reporter,Urban,MB,PT,9,33,42
90162,The Eastern Contra Costa Transit Authority,Full Reporter,Urban,DR,PT,0,0,0
90162,The Eastern Contra Costa Transit Authority,Full Reporter,Urban,MB,PT,68,6,74
90164,Ventura County Transportation Commission,Full Reporter,Urban,CB,PT,57,9,66
90164,Ventura County Transportation Commission,Full Reporter,Urban,DR,PT,0,1,1
90164,Ventura County Transportation Commission,Full Reporter,Urban,MB,PT,1,0,1
90171,City of Santa Clarita,Full Reporter,Urban,CB,PT,52,38,90
90171,City of Santa Clarita,Full Reporter,Urban,DR,PT,16,15,31
90171,City of Santa Clarita,Full Reporter,Urban,MB,PT,72,228,300
90173,Transit Joint Powers Authority for Merced County,Full Reporter,Urban,DR,PT,8,4,12
90173,Transit Joint Powers Authority for Merced County,Full Reporter,Urban,MB,PT,34,13,47
90182,Altamont Corridor Express,Full Reporter,Urban,CR,PT,3,4,7
90196,County of Placer,Full Reporter,Urban,CB,PT,1,1,2
90196,County of Placer,Full Reporter,Urban,DR,DO,1,0,1
90196,County of Placer,Full Reporter,Urban,DR,PT,5,4,9
90196,County of Placer,Full Reporter,Urban,MB,DO,26,28,54
90196,County of Placer,Full Reporter,Urban,MB,PT,1,3,4
90196,County of Placer,Full Reporter,Urban,VP,PT,0,0,0
90200,Kings County Area Public Transit Agency,Full Reporter,Urban,DR,PT,0,1,1
90200,Kings County Area Public Transit Agency,Full Reporter,Urban,MB,PT,46,12,58
90201,City of Turlock,Full Reporter,Urban,DR,PT,0,0,0
90201,City of Turlock,Full Reporter,Urban,MB,PT,1,12,13
90205,City of Elk Grove,Full Reporter,Urban,CB,PT,149,7,156
90205,City of Elk Grove,Full Reporter,Urban,DR,PT,16,3,19
90205,City of Elk Grove,Full Reporter,Urban,MB,PT,13,1,14
90206,San Luis Obispo Regional Transit Authority,Full Reporter,Urban,DR,DO,2,3,5
90206,San Luis Obispo Regional Transit Authority,Full Reporter,Urban,MB,DO,45,25,70
90208,Butte County Association of Governments,Full Reporter,Urban,DR,PT,15,7,22
90208,Butte County Association of Governments,Full Reporter,Urban,MB,PT,23,5,28
90209,"Valley Metro Rail, Inc.",Full Reporter,Urban,LR,PT,59,162,221
90211,Anaheim Transportation Network,Full Reporter,Urban,DR,PT,0,0,0
90211,Anaheim Transportation Network,Full Reporter,Urban,MB,PT,157,107,264
90213,City of Petaluma,Full Reporter,Urban,DR,PT,2,6,8
90213,City of Petaluma,Full Reporter,Urban,MB,PT,10,2,12
90214,City of Redondo Beach,Full Reporter,Urban,DR,PT,5,1,6
90214,City of Redondo Beach,Full Reporter,Urban,MB,PT,37,6,43
90218,Riverside County Transportation Commission,Full Reporter,Urban,VP,PT,0,0,0
90219,Northern Arizona Intergovernmental Public Transportation Authority,Full Reporter,Urban,DR,DO,9,16,25
90219,Northern Arizona Intergovernmental Public Transportation Authority,Full Reporter,Urban,MB,DO,87,156,243
90219,Northern Arizona Intergovernmental Public Transportation Authority,Full Reporter,Urban,VP,PT,0,0,0
90222,Pima Association of Governments,Full Reporter,Urban,VP,PT,0,0,0
90223,"Paratransit, Inc.",Full Reporter,Urban,DR,DO,211,140,351
90223,"Paratransit, Inc.",Full Reporter,Urban,DR,PT,17,0,17
90225,San Francisco Bay Area Water Emergency Transportation Authority,Full Reporter,Urban,FB,PT,19,0,19
90226,Imperial County Transportation Commission,Full Reporter,Urban,DR,PT,1,3,4
90226,Imperial County Transportation Commission,Full Reporter,Urban,MB,PT,2,14,16
90229,El Dorado County Transit Authority,Full Reporter,Urban,CB,DO,12,6,18
90229,El Dorado County Transit Authority,Full Reporter,Urban,DR,DO,2,4,6
90229,El Dorado County Transit Authority,Full Reporter,Urban,MB,DO,35,23,58
90230,California Vanpool Authority,Full Reporter,Urban,VP,DO,51,132,183
90232,Solano County Transit,Full Reporter,Urban,CB,PT,72,29,101
90232,Solano County Transit,Full Reporter,Urban,DR,PT,20,4,24
90232,Solano County Transit,Full Reporter,Urban,MB,PT,72,39,111
90233,Yuma County Intergovernmental Public Transportation Authority,Full Reporter,Urban,DR,PT,43,5,48
90233,Yuma County Intergovernmental Public Transportation Authority,Full Reporter,Urban,MB,PT,382,113,495
90233,Yuma County Intergovernmental Public Transportation Authority,Full Reporter,Urban,VP,PT,0,0,0
90234,Marin County Transit District,Full Reporter,Urban,DR,PT,5,1,6
90234,Marin County Transit District,Full Reporter,Urban,MB,PT,88,70,158
90241,County of Maui,Full Reporter,Urban,CB,PT,3,0,3
90241,County of Maui,Full Reporter,Urban,DR,PT,4,18,22
90241,County of Maui,Full Reporter,Urban,MB,PT,35,43,78
90244,City of Tulare,Full Reporter,Urban,DR,PT,1,41,42
90244,City of Tulare,Full Reporter,Urban,MB,PT,3,88,91
90299,Sonoma-Marin Area Rail Transit District,Full Reporter,Urban,CR,DO,2,0,2
90302,San Bernardino County Transportation Authority,Full Reporter,Urban,VP,PT,0,0,0
91092,Tahoe Transportation District,Full Reporter,Urban,CB,DO,20,11,31
91092,Tahoe Transportation District,Full Reporter,Urban,DR,DO,22,10,32
91092,Tahoe Transportation District,Full Reporter,Urban,MB,DO,164,106,270
99422,San Joaquin Council,Full Reporter,Urban,VP,PT,0,0,0
99423,City of Glendale,Full Reporter,Urban,DR,PT,0,0,0
99423,City of Glendale,Full Reporter,Urban,MB,PT,30,0,30
99424,City of Pasadena,Full Reporter,Urban,DR,PT,0,0,0
99424,City of Pasadena,Full Reporter,Urban,MB,PT,0,99,99
99425,Pomona Valley Transportation Authority,Full Reporter,Urban,DR,PT,0,0,0
